id,ra,dec,host_ra,host_dec,snr_f277w,snr_f444w,bayes.attenuation.E_BVs,bayes.attenuation.E_BVs_err,bayes.sfh.age_main,bayes.sfh.age_main_err,bayes.universe.redshift,bayes.universe.redshift_err,bayes.sfh.sfr,bayes.sfh.sfr_err,bayes.sfh.sfr100Myrs,bayes.sfh.sfr100Myrs_err,bayes.stellar.m_star,bayes.stellar.m_star_err,bayes.hst.wfc.F814W,bayes.hst.wfc.F814W_err,bayes.jwst.miri.F770W,bayes.jwst.miri.F770W_err,bayes.jwst.nircam.F115W,bayes.jwst.nircam.F115W_err,bayes.jwst.nircam.F150W,bayes.jwst.nircam.F150W_err,bayes.jwst.nircam.F277W,bayes.jwst.nircam.F277W_err,bayes.jwst.nircam.F444W,bayes.jwst.nircam.F444W_err,bayes.subaru.hsc.g,bayes.subaru.hsc.g_err,bayes.subaru.hsc.i,bayes.subaru.hsc.i_err,bayes.subaru.hsc.r,bayes.subaru.hsc.r_err,bayes.subaru.hsc.z,bayes.subaru.hsc.z_err,bayes.vista.vircam.H,bayes.vista.vircam.H_err,bayes.vista.vircam.J,bayes.vista.vircam.J_err,bayes.vista.vircam.Ks,bayes.vista.vircam.Ks_err,bayes.vista.vircam.Y,bayes.vista.vircam.Y_err,best.chi_square,best.reduced_chi_square,best.attenuation.B_B90,best.attenuation.E_BV_factor,best.attenuation.E_BV_lines,best.attenuation.E_BVs,best.attenuation.FUV,best.attenuation.V_B90,best.attenuation.powerlaw_slope,best.attenuation.uv_bump_amplitude,best.attenuation.uv_bump_wavelength,best.attenuation.uv_bump_width,best.nebular.f_dust,best.nebular.f_esc,best.nebular.lines_width,best.nebular.logU,best.nebular.ne,best.nebular.zgas,best.sfh.age,best.sfh.age_burst,best.sfh.age_main,best.sfh.f_burst,best.sfh.tau_burst,best.sfh.tau_main,best.stellar.age_m_star,best.stellar.imf,best.stellar.metallicity,best.stellar.old_young_separation_age,best.universe.age,best.universe.luminosity_distance,best.universe.redshift,best.dust.luminosity,best.sfh.integrated,best.sfh.sfr,best.sfh.sfr100Myrs,best.sfh.sfr10Myrs,best.stellar.lum,best.stellar.lum_ly,best.stellar.lum_ly_old,best.stellar.lum_ly_young,best.stellar.lum_old,best.stellar.lum_young,best.stellar.m_gas,best.stellar.m_gas_old,best.stellar.m_gas_young,best.stellar.m_star,best.stellar.m_star_old,best.stellar.m_star_young,best.stellar.n_ly,best.stellar.n_ly_old,best.stellar.n_ly_young,best.hst.wfc.F814W,best.jwst.miri.F770W,best.hst.wfc.F606W,best.jwst.nircam.F115W,best.jwst.nircam.F150W,best.jwst.nircam.F277W,best.jwst.nircam.F444W,best.jwst.nircam.F090W,best.jwst.nircam.F200W,best.jwst.nircam.F356W,best.jwst.nircam.F410M,best.cfht.megacam.u,best.subaru.hsc.g,best.subaru.hsc.r,best.subaru.hsc.i,best.subaru.hsc.z,best.subaru.hsc.y,best.vista.vircam.Y,best.vista.vircam.J,best.vista.vircam.H,best.vista.vircam.Ks,best.subaru.suprime.IB427,best.subaru.suprime.IB505,best.subaru.suprime.IB574,best.subaru.suprime.IB709,best.subaru.suprime.IB827,best.subaru.suprime.NB711,best.subaru.suprime.NB816,best.spitzer.irac.ch1,best.spitzer.irac.ch2,best.spitzer.irac.ch3
756650,150.059621921812,2.379229621856248,150.06149,2.37868,73.27445820057962,69.47688082687019,0.45084946426366235,0.0212788132796844,100.00231477528655,1.087818057472218,3.599898696399883,0.021833136548497056,19.724431870387303,1.7138102569348959,10.549689775589595,1.1122098762743862,866708533.7090334,87353534.12300223,1.349147692798281e-05,1.2664507189718854e-06,0.00021237285239588535,1.2988633868340559e-05,1.798708396230401e-05,1.5251524142468809e-06,4.2449307020960745e-05,2.025830420909418e-06,0.000190045727257478,6.778023072620011e-06,0.00021188867379916336,7.231934680536609e-06,2.282992038776155e-06,3.8156621203353553e-07,1.3964059673467336e-05,1.3258605541427815e-06,1.0656613459847691e-05,1.3962960313072345e-06,1.22555475105142e-05,1.4758184012489073e-06,6.0774797241185366e-05,3.395910000886464e-06,2.6323148196302898e-05,1.7137819588133475e-06,0.00011068229121239457,1.6340901935600665e-05,7.643353924253258e-06,1.3445631516321422e-06,106.73868169263471,3.557956056421157,2.2240581186197765,0.9,0.5,0.45,4.612110081446867,1.7848723476507424,0.0,3.0,217.5,35.0,0.0,0.0,300.0,-3.0,100.0,0.014,100.0,100.0,100.0,0.0,10.0,10000.0,31.78891570650953,1.0,0.0001,100.0,1787.7582839771,9.997099890300758e+26,3.5999999999999996,6.938663443871706e+37,1002328570.5218519,19.981137825669798,10.023285705218516,19.081323229169627,7.891032208279489e+37,2.084729534488839e+37,0.0,2.084729534488839e+37,0.0,7.891032208279489e+37,174672947.75975883,0.0,174672947.75975883,827655420.6304195,0.0,827655420.6304195,5.7794877896577284e+54,0.0,5.7794877896577284e+54,1.380023840782143e-05,0.00021079784379447581,9.009671561123973e-06,1.795422421320907e-05,4.252366258007977e-05,0.00019310332549498906,0.00020947619305033613,1.1142485765036093e-05,6.533490677136415e-05,0.0001302640390314719,0.00016557257550050853,-8.90355406185747e-08,2.30551370535185e-06,1.1319950195701789e-05,1.4361170046490738e-05,1.2328050155959712e-05,7.263503343916949e-06,7.496748925344371e-06,2.6521550836098484e-05,6.259163041298303e-05,0.00010290511091836242,3.7042181206210934e-07,3.4331157749489793e-06,9.152999739606683e-06,1.3410219419039065e-05,1.4679761368301069e-05,1.345821813734249e-05,1.4760347467726796e-05,0.0001311767834997422,0.0002264903858902741,0.00018559357769358842
780830,150.0611823317705,2.379838349405287,150.06149,2.37868,18.10842525730052,7.553910412422794,0.030693595968999274,0.059396518696193175,529.1860838296546,932.1646781486717,2.5225868694817017,1.1079450003309117,0.4457270971510776,0.38895944467916377,0.5365383426058586,0.3648057321729932,62847665.993126445,31614319.611210994,3.1797182717765865e-05,5.372658337729572e-06,1.174222281166222e-05,2.4808916398863595e-06,3.163817329798262e-05,6.619952852228994e-06,3.421773168554123e-05,7.365997588023199e-06,3.217734321627787e-05,1.9191627024915165e-06,1.936274230871789e-05,1.598118726180284e-06,2.9089422532588693e-05,1.6094275692577348e-05,3.193299520128557e-05,5.929652910643993e-06,3.0507481993735564e-05,9.55494155811412e-06,3.141072812417162e-05,5.466504525637422e-06,3.333207009593818e-05,6.686117108554961e-06,3.2976350143915534e-05,8.4955119822509e-06,3.1090879467351655e-05,5.328795179109006e-06,3.083584058731193e-05,5.776951840736826e-06,10.68541707038437,0.3561805690128123,0.26056895979146383,0.5,0.1,0.05,0.6516160764470151,0.22609026957195436,-0.5,3.0,217.5,35.0,0.0,0.0,300.0,-2.0,100.0,0.014,100.0,100.0,100.0,0.0,10.0,10000.0,31.78891570650953,1.0,0.0001,100.0,2200.177425917048,8.024693802209506e+26,2.9999999999999996,1.470588938881763e+36,44067638.490224175,0.8784759650885,0.4406763849022416,0.8389153803531456,3.469313006693296e+36,9.165568075937094e+35,0.0,9.165568075937094e+35,0.0,3.469313006693296e+36,7679541.960867465,0.0,7679541.960867465,36388087.64258467,0.0,36388087.64258467,2.540966964961407e+53,0.0,2.540966964961407e+53,2.6630993842915978e-05,1.6131030380863866e-05,3.1781544779029565e-05,2.4802020160681603e-05,2.7018881881865166e-05,3.497720067531902e-05,1.885490379381752e-05,2.4939174665472413e-05,3.610622556906806e-05,2.5036549138986835e-05,1.8771343765459072e-05,1.0255908650424684e-05,2.8443537717924005e-05,3.0034163704757646e-05,2.74080553671381e-05,2.4679584646625446e-05,2.4679256236071605e-05,2.4599993688023022e-05,2.484192607546693e-05,2.695814091052547e-05,2.7293230951624352e-05,2.115533149085254e-05,2.9488480385817882e-05,3.049731128844969e-05,2.903214530108649e-05,2.5407495821947457e-05,2.8956063319255416e-05,2.584583897854404e-05,2.5664882243927565e-05,1.8883549127301748e-05,1.4770468407505245e-05
780870,150.06118430689708,2.380072797255899,150.06149,2.37868,27.013503439389677,12.170938811802106,0.24939300993119784,0.00983512879082194,102.71210130411234,47.43203971917581,3.2529422877548186,0.21381387166321858,8.867731846296428,1.5345968754686499,5.394211454265891,0.9487271093228689,441194154.8159717,77019803.43516473,3.916128891502528e-05,4.262768289753544e-06,0.00012737289636985646,6.579394356766278e-06,4.917894086851548e-05,2.847030083802022e-06,6.66590389737522e-05,4.093431318304936e-06,0.00016051489705166548,2.5774553992769717e-06,0.0001258663820773157,3.727512445496177e-06,2.191305986765346e-05,6.016855769318402e-06,4.16800583587627e-05,4.573805670184754e-06,4.0813253469130454e-05,4.564303157185102e-06,3.218270755264092e-05,5.081591429096599e-06,7.565180309331918e-05,4.250513841046109e-06,5.4564729567745756e-05,1.9357152652689217e-06,8.967651659510015e-05,5.44680472553759e-06,3.8787342660737024e-05,5.370678975171122e-06,10.431258121353595,0.34770860404511983,1.425740892910329,0.5,0.5,0.25,2.6733284764847234,1.099712600389905,0.0,3.0,217.5,35.0,0.0,0.0,300.0,-4.0,100.0,0.014,100.0,100.0,100.0,0.0,10.0,100.0,37.522247236856174,1.0,0.0001,100.0,2046.6174686532188,8.67597754549608e+26,3.1999999999999993,2.9169059525801173e+37,576629506.1545886,8.08402472747605,5.766295061545887,8.068027736147656,3.5850046292061375e+37,8.632820981604605e+36,0.0,8.632820981604605e+36,0.0,3.5850046292061375e+37,109640188.30383192,0.0,109640188.30383192,466989230.98921293,0.0,466989230.98921293,2.398939895733208e+54,0.0,2.398939895733208e+54,3.901670536006634e-05,0.00012533856539344393,3.9324809576765725e-05,5.021277591639301e-05,6.698303968955532e-05,0.00016147446510993661,0.00012511010456780122,3.2689730335886926e-05,8.738252322958486e-05,0.00011114280533438357,0.0001233435411394691,4.713973593368697e-06,2.5222193666998942e-05,4.3386791028873664e-05,4.2707747650194254e-05,2.839192562907891e-05,3.4563090960028864e-05,4.078854772731611e-05,5.473953790218523e-05,7.691607694802393e-05,9.049418777320869e-05,1.60727899956456e-05,2.5995596750960666e-05,4.1914191276597845e-05,4.530090491823172e-05,3.8345057603904183e-05,4.5504334783238156e-05,3.9586204687880005e-05,0.0001101959383584124,0.00012545466582036005,0.00011118751946588375
756895,150.0591005623026,2.3819763485170813,150.06149,2.37868,42.277912413362905,20.995873185337693,0.0899854002351913,0.0007716895791778467,100.00129620688841,0.88689522700048,3.398605585964032,0.2945649752611556,6.545978150944637,0.9238539906242578,3.442435332889877,0.5035580769550022,283188453.08184457,40836339.33685555,0.00012516873835514693,7.972393164939295e-06,9.673702569040805e-05,1.5191653195217904e-06,0.00011529736390111769,3.932608952415088e-06,0.00013439016972705621,5.6888086827436335e-06,0.00021524904819657554,7.773456989334409e-06,0.00013045929569762319,1.3813791076231263e-05,8.263191336713956e-05,3.5702862309542454e-05,0.0001290116987606158,8.89765190010854e-06,0.0001438904965284883,1.4604254076852739e-05,0.00011580243079142985,7.076217867848931e-06,0.0001499781899719851,1.1370540019142813e-05,0.00012279324985041182,4.480860372710994e-06,0.00015285618811049023,2.57595348375441e-05,0.00010725114503341129,5.0491481922144e-06,130.14825763519912,4.338275254506637,0.4460638134684855,0.9,0.1,0.09000000000000001,0.9463843445071495,0.3565353323565974,0.0,3.0,217.5,35.0,0.0,0.0,300.0,-3.0,100.0,0.014,100.0,100.0,100.0,0.0,10.0,10000.0,31.78891570650953,1.0,0.0001,100.0,1787.7582839771,9.997099890300758e+26,3.5999999999999996,1.5167069634325656e+37,370285668.7657462,7.381540544760305,3.7028566876574605,7.049126145501213,2.915148010770099e+37,7.701521163584084e+36,0.0,7.701521163584084e+36,0.0,2.915148010770099e+37,64528629.81131243,0.0,64528629.81131243,305756964.2818522,0.0,305756964.2818522,2.1350897941606868e+54,0.0,2.1350897941606868e+54,0.00013370403955555982,9.83158381527084e-05,0.00013613598143062536,0.0001118679970092163,0.00012911021373497678,0.000209445671638002,0.00014099008588867217,0.00011902073506215465,0.00013003076472958112,0.00011477268833757457,0.00012109323259325492,1.1272819570045347e-06,6.612991009373138e-05,0.0001586133084571195,0.00013848366544580207,0.00012231150888732074,0.00010415580770098615,0.00010248270284267775,0.00012027391332276576,0.0001575894205885459,0.00017060597799924566,2.3095404753927137e-05,8.876592840432635e-05,0.00015453651340487497,0.0001422554996422021,0.0001334473081074491,0.00014058354394967646,0.00013430493052394847,0.00011566985384929982,0.0001492794141679631,0.00010319586977704409
783764,150.08713065479782,2.3921706052002443,150.08728,2.3960431,23.236834084982423,8.776307352437652,0.0329111916999188,0.018290929560176177,258.7313799611858,276.8609198895076,3.5968745401931894,0.0256796566114198,1.6232033460621655,0.3071076462168633,1.7156377719970304,0.31707052812299835,172393540.95181236,45384341.302188456,6.388549606434084e-05,3.5149454893693243e-06,3.0289717633993162e-05,1.1364844409861244e-06,5.139977826460687e-05,2.5073644284615254e-06,5.102063634439928e-05,1.8011809874851065e-06,6.852715480570543e-05,1.8749628855405794e-06,4.0754886184239803e-05,1.2236225283204237e-06,3.508649453504212e-05,4.1468860353056335e-06,6.586855641239939e-05,3.6321426871899606e-06,7.338632116648874e-05,5.006036743064347e-06,5.919310258717403e-05,3.298341132154785e-06,5.377724151043556e-05,1.5652182084720502e-06,5.079797246703713e-05,2.175511545366936e-06,5.7352093091297673e-05,1.2579507600898225e-06,5.2882001265306524e-05,3.5557020819042635e-06,64.68208884208835,2.1560696280696114,0.13830541632450796,0.25,0.1,0.025,0.34277491236312574,0.09221405440694803,-0.5,3.0,217.5,35.0,0.0,0.0,300.0,-4.0,100.0,0.014,100.0,100.0,100.0,0.25,10.0,50.0,54.709668753047076,1.0,0.0001,100.0,1787.7582839771,9.997099890300758e+26,3.5999999999999996,2.154223612297033e+36,209396555.1012284,1.4525356192600083,2.0939655510122845,1.517085270360151,7.971913568403424e+36,1.5894403872962713e+36,0.0,1.5894403872962713e+36,0.0,7.971913568403424e+36,46765081.505985126,0.0,46765081.505985126,162631457.0019813,0.0,162631457.0019813,4.428476192438158e+53,0.0,4.428476192438158e+53,6.697625919866294e-05,2.8456770050837436e-05,6.506448700350649e-05,5.4872845287402586e-05,5.2704668193825515e-05,6.772159589967165e-05,4.018668504021165e-05,6.236305410642913e-05,5.9490467007098575e-05,4.3790171852436496e-05,3.947785768794071e-05,6.01038245552394e-07,3.515495683803791e-05,7.347873475749911e-05,6.874847080556145e-05,6.276719338099266e-05,5.843858864968235e-05,5.731920564339255e-05,5.371487205625715e-05,5.5334886272143005e-05,5.935333385117636e-05,1.1045772143710764e-05,4.799345627563671e-05,7.45571202367833e-05,7.079614922289549e-05,6.666072067690787e-05,6.977038453971721e-05,6.688626683259269e-05,4.3888085157084235e-05,4.06679036187692e-05,3.285744577237663e-05
758845,150.08484163891356,2.3933340070503144,150.08728,2.3960431,57.459006858293385,30.902146215079934,0.09004622239088865,0.005467622225697319,127.58839047715442,354.287146990892,4.183076108631759,0.24730561632902734,8.89613666120839,0.7099224673445366,9.767307669708174,0.8782571061760632,777325276.9581486,67302479.73539035,0.00016429499753309827,7.121612484639478e-06,0.00011284325997311711,3.368132288224196e-06,0.00014963540160379488,3.904426739852921e-06,0.00016827552458747354,4.259733810168833e-06,0.0002603735980803025,1.1074992668734122e-06,0.00018564301873655662,2.074849920654952e-06,1.9460787979257785e-05,6.108678239167632e-06,0.00016257558873322892,8.060104388140292e-06,0.00011773921932291644,8.045717007984032e-06,0.00016761753754198012,5.260594500646619e-06,0.00017354930803692456,4.1489720003822775e-06,0.0001538099592535893,6.0233031414202205e-06,0.00021497244089140378,3.9157320376271e-06,0.0001571379045110991,3.88874448894999e-06,34.61381975822458,1.1537939919408193,0.3519951887060202,0.9,0.1,0.09000000000000001,1.095448623190076,0.27645214152982567,-0.5,3.0,217.5,35.0,0.0,0.0,300.0,-2.0,100.0,0.014,100.0,100.0,100.0,0.0,10.0,50.0,43.88050440102815,1.0,0.0001,100.0,1489.1219069016324,1.2018740391105801e+27,4.199999999999999,2.570896330988332e+37,966989283.775885,8.942169804530275,9.66989283775885,9.338646385729419,4.6058293977267725e+37,9.783481360564896e+36,0.0,9.783481360564896e+36,0.0,4.6058293977267725e+37,198922877.26842606,0.0,198922877.26842606,768066304.3684973,0.0,768066304.3684973,2.725683173297022e+54,0.0,2.725683173297022e+54,0.00016053374073721744,0.00011245813940669124,9.031223216520588e-05,0.00014932707332137842,0.00016884488164878604,0.0002610624290937392,0.00018589859007747596,0.00016339977178824375,0.00020216263508331518,0.00025975615884397024,0.00016995121221173646,3.429145612463543e-07,1.728653089343181e-05,0.00011513630605088326,0.00015827631767170743,0.000165068131845815,0.00016091229544041736,0.00015587552836662154,0.0001537473771900996,0.0001742619830910678,0.00021576334519483612,-9.764803692783072e-10,3.1830238091297795e-05,5.9569307353837475e-05,0.00015124359365295407,0.00016257566687880078,0.00015264389154886465,0.00016166468478398866,0.00027508158601182836,0.0001923711704229021,0.00014984128105654447
783964,150.08725744423617,2.3937652413696044,150.08728,2.3960431,27.495951040578895,15.768731836879684,0.0673971701763461,0.01992530540507406,100.45008108595336,16.409201374465972,3.1680362291518285,0.32617633809166974,1.8144984172866707,0.41049904485222366,1.082148400557895,0.2400355496219029,88259779.30992527,19250396.40648854,4.7011726942649123e-05,6.43896604276312e-06,3.069217651982924e-05,1.8412556773092965e-06,4.365542653776561e-05,3.674036346895298e-06,4.979030435662686e-05,2.7679238039568133e-06,7.252208631385174e-05,1.574293924359854e-06,3.73164302683729e-05,1.7390669979473416e-06,4.1603559558357116e-05,1.4455120769953869e-05,4.832206966560627e-05,6.6699818170944155e-06,5.3379888596749925e-05,7.91423381875697e-06,4.3871745876014456e-05,6.035583087349517e-06,4.89733166241645e-05,2.9041913864910004e-06,4.470087135589013e-05,3.135651745405692e-06,4.398533082542148e-05,6.098731505144722e-06,4.271695802324313e-05,4.843235714816939e-06,42.594569739494844,1.4198189913164947,0.24129474534551915,0.5,0.1,0.05,0.6510416733043617,0.16506148985787936,-0.5,3.0,217.5,35.0,0.0,0.0,300.0,-4.0,100.0,0.014,100.0,100.0,100.0,0.0,10.0,10000.0,31.78891570650953,1.0,0.0001,100.0,1787.7582839771,9.997099890300758e+26,3.5999999999999996,3.83681782167898e+36,116647019.88616319,2.3253254968932957,1.1664701988616315,2.220608646332837,9.18327001735869e+36,2.4261254704151903e+36,0.0,2.4261254704151903e+36,0.0,9.18327001735869e+36,20327744.22492942,0.0,20327744.22492942,96319252.13795206,0.0,96319252.13795206,6.725938449315557e+53,0.0,6.725938449315557e+53,5.650238064888676e-05,3.157368439546996e-05,5.379389881816832e-05,4.772732244117065e-05,5.0233150726232044e-05,7.126947981821116e-05,3.8391643957679666e-05,5.274032412590732e-05,4.900615842188857e-05,3.995119764552035e-05,3.5684938295853116e-05,4.460766763712239e-07,2.597724035015997e-05,6.253384556635133e-05,5.7808416769837614e-05,5.3394920711971695e-05,4.895919415949673e-05,4.82236554561011e-05,4.780662832854352e-05,5.265336082442621e-05,5.256870048728323e-05,8.73526501073313e-06,3.5149325417493874e-05,6.116583443518763e-05,5.8760076164869896e-05,5.660062599911997e-05,5.790843636746175e-05,5.6802731279815344e-05,4.008924213694905e-05,3.9585755756100416e-05,3.3947700306638856e-05
759022,150.08696381915135,2.3942307753791403,150.08728,2.3960431,40.68309198144785,23.780600523825758,0.032791454566921514,0.037880737623672216,1558.1845183120638,1844.1120719893952,2.2762744824585197,1.6395303672946548,1.2127179592207489,1.44234186823985,1.2126277514862525,1.3464288458927465,261493046.41297907,305648200.15594095,8.639430737283415e-05,9.240887485273264e-06,4.982676658167851e-05,1.5801773958381084e-05,8.302140022526245e-05,5.372082892146367e-06,8.440806069552078e-05,8.241331861412787e-06,0.00010983501710998823,2.7176008740095707e-06,8.597707085023792e-05,2.6990268770102083e-06,4.7445179794328863e-05,3.0437501987291053e-05,8.477932606128871e-05,1.1398372800354445e-05,6.58727444438139e-05,8.542219246591375e-06,8.971785303970102e-05,5.826444340619107e-06,8.626124537861114e-05,9.444801475960987e-06,8.594183624054068e-05,1.0219356967682007e-05,0.00010281260688340524,4.231412481347081e-06,8.603055607596384e-05,5.305963221583719e-06,12.623883348802083,0.42079611162673614,-0.0,0.0,0.0,0.0,-0.0,-0.0,-0.5,3.0,217.5,35.0,0.0,0.0,300.0,-2.0,100.0,0.014,1000.0,100.0,1000.0,0.0,10.0,1000.0,370.56587115753223,1.0,0.0001,100.0,1407.5143118650826,1.2701900461557255e+27,4.3999999999999995,0.0,1329197340.7228513,1.8518121279462172,1.848517976229723,1.8517772197567,1.1409891485255525e+37,1.981725152400452e+36,2.144356893957683e+33,1.979580795506494e+36,2.5808849879774e+36,8.829006497278126e+36,467480194.0610409,428506333.7965603,38973860.2644806,861717126.7105442,715839209.3033199,145877917.40722424,5.506839085010451e+53,4.542192980879629e+50,5.502296892029572e+53,9.547229447694749e-05,5.893409675779056e-05,5.2408131326464294e-05,7.877861557727291e-05,7.235169982061483e-05,0.00011413655476153953,8.562229838430603e-05,9.048580096441144e-05,8.806794384896465e-05,0.00011129988298168903,8.799246662151441e-05,1.6716388384113564e-07,9.819703221493718e-06,6.530921746254918e-05,9.722196322474085e-05,9.097746013349517e-05,8.641826711260182e-05,8.418626648992782e-05,7.531205274039872e-05,7.277527244477481e-05,0.00010244269344538703,0.0,1.4686015682525934e-05,5.259643535396027e-05,9.877082214492257e-05,9.43719829126373e-05,9.941589135533143e-05,9.55610419056474e-05,0.00011480955427969218,8.512949826665251e-05,7.98018095297183e-05
759045,150.087126021371,2.39440567147561,150.08728,2.3960431,34.31128852233512,18.11647192618806,0.016187436272955054,0.025686392128444792,574.8839832146521,328.2932724343882,4.281187031309026,0.17666054758063132,2.8646240935985428,1.2304731309513515,2.984124994332073,1.1000849257134264,522539763.5936061,215736163.58770022,9.741874259427856e-05,7.455088535613582e-06,7.573830672623339e-05,1.539392666274048e-05,8.271896615829355e-05,5.973740689870262e-06,7.624879860078453e-05,5.027858968606468e-06,0.00010483435512319328,1.940614493210064e-06,9.006169832776628e-05,4.047792570007587e-06,1.4519445086888357e-05,6.573824020462699e-06,9.895562281488582e-05,7.940602162916262e-06,6.702123365834572e-05,1.2154716894695575e-05,9.387742923111404e-05,6.438889560967821e-06,7.489837256370054e-05,4.659977539839839e-06,7.967496168683537e-05,5.656008465086109e-06,9.95885358362104e-05,6.937038631346173e-06,8.738669525696107e-05,6.245501369046623e-06,13.961659131550382,0.4653886377183461,0.16985206391552538,0.25,0.1,0.025,0.2810503789195798,0.1497304841612891,0.0,3.0,217.5,35.0,0.0,0.0,300.0,-2.0,100.0,0.014,100.0,100.0,100.0,0.25,100.0,50.0,47.11423002859448,1.0,0.004,100.0,1489.1219069016324,1.2018740391105801e+27,4.199999999999999,2.9656873018669364e+36,336516791.67172164,2.8260062520324376,3.3651679167172177,2.9523492403813134,1.3463764534949262e+37,2.0828982991579388e+36,0.0,2.0828982991579388e+36,0.0,1.3463764534949262e+37,70434254.8190402,0.0,70434254.8190402,266082556.80089933,0.0,266082556.80089933,5.826334757726764e+53,0.0,5.826334757726764e+53,9.674600687688106e-05,8.095003033873524e-05,6.244490902484242e-05,8.024096576841143e-05,7.550298172431969e-05,0.00010513670715963393,8.937001579330343e-05,9.175233742413422e-05,8.592849456755863e-05,0.00010340891305713697,8.459990498343035e-05,3.492172036980481e-07,1.7414416498956573e-05,7.452885515461737e-05,9.817440323753993e-05,9.418627558231766e-05,8.812262354969284e-05,8.518373209920523e-05,7.751632145827959e-05,7.422006829696711e-05,9.622293714270834e-05,-9.585437930748672e-11,3.2258806501658156e-05,5.2136929345813525e-05,0.00010421974986649187,9.281542528261754e-05,0.00010391399348948948,9.104558697723367e-05,0.00010661402587775107,9.113971172498842e-05,8.604004034967718e-05
784079,150.08468758664,2.3956026343404173,150.08728,2.3960431,14.876526770861915,7.902167092380007,0.0013076340311025383,0.007359176980787397,137.72753512786116,299.85640470953035,3.102118475724396,0.9742933649390244,0.3567497450041842,0.2168591495354937,0.21285311654286226,0.11898364714503772,18051865.117716487,10694343.575783197,1.5965915112814607e-05,3.73037144684517e-06,8.71972721984856e-06,2.49337924470008e-06,1.3090652397122133e-05,2.6081992063421015e-06,1.2133686268976544e-05,1.8449756482520148e-06,1.0226784375200374e-05,4.547284012520489e-07,1.067175700271391e-05,6.309142519771287e-07,1.2014046712226408e-05,5.779740334001239e-06,1.606277338740071e-05,3.76634436785457e-06,1.4555414092337106e-05,3.7196265460907747e-06,1.543967264027056e-05,3.5700659891234945e-06,1.1848653435609316e-05,1.064997296430745e-06,1.2322230640022724e-05,2.2573968847665685e-06,1.0995048054804441e-05,1.301548076054474e-06,1.4114893362974768e-05,3.016597730830521e-06,34.81345695564343,1.1604485651881145,0.2789047847205117,0.0,0.5,0.0,0.08855202898588557,0.1829390167801912,-0.5,3.0,217.5,35.0,0.0,0.0,300.0,-4.0,100.0,0.014,100.0,100.0,100.0,0.0,10.0,10000.0,31.78891570650953,1.0,0.0001,100.0,1202.3604705036018,1.4775492151658732e+27,4.999999999999999,5.1590432449437875e+35,41047742.45076442,0.8182751878601069,0.4104774245076441,0.7814256368278067,3.231565649051622e+36,8.537464014085415e+35,0.0,8.537464014085415e+35,0.0,3.231565649051622e+36,7153273.27148368,0.0,7153273.27148368,33894460.90150724,0.0,33894460.90150724,2.3668379138758287e+53,0.0,2.3668379138758287e+53,1.99611955677741e-05,6.265014241547028e-06,4.065683615369638e-06,1.7032297386013366e-05,1.3313724851062512e-05,9.834019137033025e-06,1.0865450403854448e-05,2.114245237164255e-05,1.0021416180840046e-05,1.062588611600863e-05,1.4522192787822091e-05,1.684752035636619e-10,8.271481580510968e-09,5.928500480928766e-06,1.8311455828237756e-05,2.1401976482385586e-05,1.963624070864431e-05,1.900082634839864e-05,1.571643327092456e-05,1.2190348482685105e-05,9.609687867546449e-06,0.0,0.0,4.020462094299054e-06,4.9828229634601375e-06,2.2615401145013213e-05,4.678833110922214e-06,2.3012325498087575e-05,8.849290784925069e-06,8.512215416633396e-06,7.224565083570942e-06
759140,150.0864042668133,2.395362553086326,150.08728,2.3960431,115.97780467253605,181.1812898834149,0.4990239639710647,0.006917308403053519,100.25246167226553,10.397667418415068,3.5998977910055836,0.004520105359174877,159.26059663887392,13.989811255289615,89.12375153339812,5.717394349383588,7297994333.021763,447530040.29636234,6.190762549542508e-05,1.980181179973177e-06,0.0011374761861904232,3.860922207961881e-05,8.293636325715151e-05,1.946306601294519e-06,0.00016107497401757006,2.4094741215337273e-06,0.0005785151437317002,1.6417081318067517e-06,0.001016865139422465,3.5715470166723323e-06,2.051973458495726e-05,1.0402648355606397e-05,6.413587273572637e-05,2.1370094675949413e-06,4.415825037938678e-05,1.3978492335941404e-06,5.6224766690708474e-05,1.6426769565697372e-06,0.00019579247693705671,1.752533194534119e-06,0.00011685004814715055,2.7495723612634746e-06,0.0003925675988045144,5.5243432727064204e-06,3.311906852197879e-05,6.089754113783701e-07,131.48215938255083,4.382738646085028,2.732167766768145,0.5,1.0,0.5,5.226960230280833,2.2637069047080547,0.0,3.0,217.5,35.0,0.5,0.0,300.0,-2.0,100.0,0.014,100.0,100.0,100.0,0.0,10.0,300.0,33.58233374649842,1.0,0.0001,100.0,1787.7582839771,9.997099890300758e+26,3.5999999999999996,6.016932949967136e+38,8959536755.844872,160.2063916015135,89.59536755844871,155.19737695585508,6.552425131294463e+38,1.684122160803494e+38,0.0,1.684122160803494e+38,0.0,6.552425131294463e+38,1607745963.161335,0.0,1607745963.161335,7351789139.825731,0.0,7351789139.825731,4.672413029661401e+55,0.0,4.672413029661401e+55,6.26417807792798e-05,0.0011295675023793238,3.643611005484905e-05,8.382331924407951e-05,0.00016247818910856702,0.0005787653883420173,0.0010163587555915914,5.0928704064814524e-05,0.00032127198698802926,0.0007329006262144984,0.0009031559232677192,-9.821132002654266e-07,1.0391711949276354e-05,4.4666884217584116e-05,6.491086237209226e-05,5.68615790299416e-05,3.238885793414516e-05,3.342661043951762e-05,0.00011810456035105091,0.00019715227472028542,0.0003928527114364273,1.0950183127469076e-06,1.5909642548806544e-05,3.8110276419853396e-05,6.029675254400967e-05,6.747282312838786e-05,6.00469115738553e-05,6.768656646975141e-05,0.000733251953390887,0.0010591560604696609,0.0010325941389675315
784159,150.087583257383,2.3952529263200746,150.08728,2.3960431,28.144185642380137,20.029551011111177,0.007119495763821731,0.019621824803939963,556.5849090707517,269.95200761003775,3.5283434135458362,0.18972091158520374,2.353588275619635,0.9288624794715068,2.325531522495412,0.6055057923594848,389876483.5629833,117063875.87683813,0.00010552104008622057,6.7933860133711275e-06,9.86286580329232e-05,1.409001668977717e-05,9.032829115145397e-05,6.353960253617638e-06,8.467606745524526e-05,6.2241412946793555e-06,0.00011374993249582117,3.5562159505953362e-06,0.00010932569804794281,4.231707911392291e-06,6.184554453849259e-05,1.4198158921551068e-05,0.00010711669428003469,7.138911742256441e-06,0.00011391343381210694,8.386688318616086e-06,0.00010112054928646295,6.451603872668486e-06,9.085073458777105e-05,7.181775421414534e-06,8.795505189437624e-05,6.427871646222358e-06,0.00012063381947601494,7.919928833136008e-06,9.608010586222776e-05,7.297992402370184e-06,26.72855969750231,0.8909519899167436,0.051613345696216666,0.0,0.1,0.0,0.028432835262536753,0.056595349529549796,-0.5,3.0,217.5,35.0,0.0,0.0,300.0,-2.0,100.0,0.014,500.0,100.0,500.0,0.25,300.0,2000.0,133.99774421187405,1.0,0.004,100.0,1787.7582839771,9.997099890300758e+26,3.5999999999999996,5.515308155057301e+35,445099362.2045576,2.165931359758239,2.2446054296644173,2.171834625581461,1.0191249770536068e+37,1.5692522442156484e+36,5.1699849334454506e+32,1.568735245722304e+36,7.397721303989903e+35,9.451477640137078e+36,118603607.41604304,71421539.76837598,47182067.64766707,326495769.3033079,149217279.4697402,177278489.83356768,4.383722544552627e+53,8.274230326926769e+49,4.382895121519935e+53,0.00010740269057350925,9.364502583062513e-05,0.00010646013855759113,8.956187377464569e-05,8.393653127495535e-05,0.00011817568638860143,0.00010945737733169926,0.00010241392798450807,0.0001139113650674737,0.00010114072120550188,0.00010480045313542092,1.0183936510291252e-06,5.913371770784324e-05,0.00011993203786982047,0.00010952718509354853,0.00010169760331144476,9.843852704600758e-05,9.670745844212899e-05,8.679154784654176e-05,8.880265937503918e-05,0.0001317375886109268,2.179314487079435e-05,8.02546763673137e-05,0.00012355485406218212,0.00010875546699517217,0.00010863301752257992,0.00010351097880576393,0.00010834595573548311,0.00010140579419235036,0.00011160257213616453,9.699683850024316e-05
759202,150.08798841721676,2.394917641497053,150.08728,2.3960431,62.048213704054334,57.55324186225983,0.4500000310660502,6.894843089680358e-05,100.00000026172299,0.01032232300054346,3.5999989458632897,0.00152266198707633,26.031925424588405,1.3015962712294202,13.644367683194856,0.7479109979589571,1122897301.82093,56144865.091046505,1.8108404192358023e-05,3.9593911400554944e-07,0.000277960315680241,3.88739394303955e-06,2.3718420267244124e-05,2.509575674706009e-07,5.606836418904073e-05,6.001090607196098e-07,0.000252508829031987,5.239572832973011e-06,0.0002771368254598617,5.483971682669904e-06,3.031640562200518e-06,1.1376110479045432e-07,1.8817697081001394e-05,4.780748217116474e-07,1.4700923526886196e-05,7.026344722924239e-07,1.6248133566677142e-05,2.1314049403404607e-07,8.169054635733459e-05,2.321934880137497e-06,3.4933019693033356e-05,3.602316142754437e-07,0.00013929126123942397,1.3605070414032563e-05,9.945724904879295e-06,1.7388904148277587e-07,246.95918807798353,8.231972935932784,2.2240581186197765,0.9,0.5,0.45,4.612110081446867,1.7848723476507424,0.0,3.0,217.5,35.0,0.0,0.0,300.0,-3.0,100.0,0.014,100.0,100.0,100.0,0.0,10.0,10000.0,31.78891570650953,1.0,0.0001,100.0,1787.7582839771,9.997099890300758e+26,3.5999999999999996,9.130583950919721e+37,1318963692.8763456,26.293169834214673,13.189636928763452,25.109104231369496,1.038380555851031e+38,2.74329461049503e+37,0.0,2.74329461049503e+37,0.0,1.038380555851031e+38,229852049.51591852,0.0,229852049.51591852,1089111377.3754532,0.0,1089111377.3754532,7.605225254640706e+54,0.0,7.605225254640706e+54,1.8159727207493892e-05,0.00027738878315797884,1.1855822554949303e-05,2.3625955168228804e-05,5.595686751904965e-05,0.0002541045748790427,0.00027564962356755067,1.46623917592437e-05,8.5974172984039e-05,0.0001714143874802308,0.00021787687395511318,-1.1716182587749249e-07,3.033824396729205e-06,1.4895917119798032e-05,1.88978568860735e-05,1.6222475381704126e-05,9.558040622073162e-06,9.864968372587578e-06,3.4899696227730706e-05,8.236429691880131e-05,0.00013541278688890192,4.874378876629418e-07,4.517635427912831e-06,1.204442803736748e-05,1.7646501404234132e-05,1.9317091056076787e-05,1.7709662894995443e-05,1.942313426627653e-05,0.00017261546749523576,0.00029803859189536273,0.0002442225012915878
759207,150.08890549687715,2.3949223337979135,150.08728,2.3960431,37.98912768957497,44.03152661699152,0.2502840301386904,0.007531623637595864,99.99999999999996,4.2632564145606005e-14,4.0257340245792586,0.12247013893689838,15.661684221509562,0.82741319502249,7.892889367062602,0.4212427335833965,651563279.6262363,34735281.03203828,5.117870819007568e-05,1.5071587868063416e-06,0.00011370250615368939,3.823590666422077e-06,4.003802022586601e-05,1.05580975958934e-06,6.181921057642901e-05,1.6627528255653406e-06,9.934694897975646e-05,5.182897588646921e-07,0.0001299399500534853,1.175040427602843e-06,8.508617481773436e-06,1.5901832836218696e-06,5.106745092765651e-05,1.5635830048210927e-06,3.3534117329693386e-05,3.953981291199139e-06,5.1267520336016654e-05,1.4834211309806044e-06,6.736854108567058e-05,1.4696989139077064e-06,4.913400420491175e-05,3.2161945757434134e-06,9.051166211835788e-05,1.5949905869367612e-06,3.815648899485301e-05,2.9226044758342703e-06,246.01648783145868,8.200549594381956,1.4485118957071368,0.5,0.5,0.25,2.682509924541003,1.1121523489373824,0.0,3.0,217.5,35.0,0.0,0.0,300.0,-4.0,100.0,0.014,100.0,100.0,100.0,0.0,10.0,10000.0,31.78891570650953,1.0,0.0001,100.0,1578.8765625031967,1.1340017847452553e+27,3.999999999999999,4.952811419356703e+37,777971703.3066763,15.508646850352248,7.779717033066761,14.810242839045873,6.124737883832675e+37,1.618092743815146e+37,0.0,1.618092743815146e+37,0.0,6.124737883832675e+37,135574914.93982622,0.0,135574914.93982622,642396631.4794511,0.0,642396631.4794511,4.485832382907354e+54,0.0,4.485832382907354e+54,5.128444715298999e-05,0.0001128897370910766,2.9049769258844943e-05,4.011798040515563e-05,6.210883290757242e-05,9.938074888327153e-05,0.00013014309156332034,4.938964270437981e-05,8.646196352090328e-05,0.00019718749432929577,0.00012366693892214072,1.5375828343671154e-07,8.853760521246319e-06,3.438527994465515e-05,5.122089747105297e-05,5.1274009277439694e-05,4.384505741536841e-05,3.762097245779964e-05,4.9800651767934434e-05,6.763443915988734e-05,9.070808313960517e-05,-2.961347463572196e-08,1.3652895084736784e-05,1.9960903691093415e-05,4.952654566710097e-05,5.196523511633966e-05,5.025140536708303e-05,5.1744173213379916e-05,0.00021021820228042402,0.0001308763665549279,0.0001469162486136491
784266,150.0878415594062,2.3959141705870723,150.08728,2.3960431,20.235215954798743,16.734638444850688,0.0690266226372779,0.05697911560726072,586.5451033114614,408.53529389227475,3.3143655629957736,0.9668160926535104,1.646780571519692,1.487990410811439,1.5616854339512636,0.994375700640747,320969965.7185452,214459263.88806444,4.0544160100427405e-05,8.395230484042535e-06,6.817182233200403e-05,1.6765749509597344e-05,4.154112191396332e-05,7.360422902691608e-06,4.437626571655275e-05,6.572665039203178e-06,6.157092080361376e-05,2.0817343679920244e-06,7.099841582379647e-05,2.5122903061543813e-06,1.969059124070367e-05,1.3509574779852781e-05,4.042506944030795e-05,8.552651411766742e-06,3.294196126866334e-05,9.403890122238336e-06,4.074305943456509e-05,8.394871855319624e-06,4.635064224054534e-05,7.156375864409114e-06,4.217664802872791e-05,7.070037393727356e-06,5.7071150667824763e-05,4.77090736462968e-06,4.087446725816056e-05,8.003999304373357e-06,7.671822067408318,0.2557274022469439,0.25768017994962134,0.5,0.1,0.05,0.5200192239105459,0.20512361662663378,0.0,3.0,217.5,35.0,0.5,0.5,300.0,-2.0,100.0,0.014,1000.0,100.0,1000.0,0.25,300.0,10.0,702.5576348779801,1.0,0.02,100.0,1489.1219069016324,1.2018740391105801e+27,4.199999999999999,3.097710026177695e+36,1000386894.2178992,2.110769691665109,2.5009672355447474,2.1427680974396064,8.981610562430989e+36,1.0242531154614069e+36,5.6958090750959765e+32,1.0236835345538973e+36,4.8861534127084715e+35,8.492995221160142e+36,346241851.29761225,291545788.4270704,54696062.87054194,654145036.5110893,458744382.23635423,195400654.2747351,3.1045338031038457e+53,1.1626889084675923e+50,3.103371114195378e+53,4.7166019312410776e-05,8.894504700744954e-05,2.672566786955468e-05,4.41024880324956e-05,4.4498745696584755e-05,6.136058559770956e-05,7.379155869950792e-05,4.6661108686258486e-05,5.042782822781067e-05,6.553051395499048e-05,7.052518979842962e-05,1.5434829327381926e-07,7.301110451515096e-06,3.156018974551052e-05,4.699961513093842e-05,4.8739295674301546e-05,4.6499953462268106e-05,4.556232512776389e-05,4.3559554217176425e-05,4.372681940062367e-05,5.8287889559440804e-05,8.436860319606949e-08,1.2152113375394838e-05,2.244167324927954e-05,5.111937633603039e-05,4.42894447493303e-05,5.0772701140356373e-05,4.2123173105839656e-05,6.52237552251996e-05,7.469254531410307e-05,8.23740647199815e-05
759334,150.09070947393903,2.395445338676693,150.08728,2.3960431,115.58914382952135,78.84946028934245,0.08961923298964893,0.0038840310114458447,107.52930887254243,79.34264265305062,3.400198293166085,0.006650725049418065,5.375382617976693,0.6086480884326435,27.54527130189259,2.045369677186632,2067346543.4460986,116916421.44058904,0.0002761784994170309,4.589123347832705e-06,0.00023111358898890948,2.8849104495274197e-06,0.0002824921686808871,1.1708834967274731e-06,0.0003228421861675672,2.8791493749496428e-06,0.0004891391305948608,3.078318085909321e-06,0.0003889721166334662,1.0898294689321054e-06,0.00015604648698392374,7.90397516917087e-06,0.00028280396753415044,5.9652670235112824e-06,0.00027235894989797516,1.1519735856250392e-05,0.0002586637585853878,1.787320855576449e-06,0.00040330040571979087,2.762966063935928e-06,0.00029680559679409236,1.71397834462291e-06,0.0005664728783603883,9.3805929207602e-06,0.0002558708958965435,1.4583507405567856e-06,98.48375379567888,3.282791793189296,0.3772673161878668,0.9,0.1,0.09000000000000001,1.0128619104640182,0.28838266277172286,-0.3,3.0,217.5,35.0,0.0,0.0,300.0,-2.0,100.0,0.014,100.0,100.0,100.0,0.25,300.0,10.0,72.19799409402509,1.0,0.0001,100.0,1909.9687153958246,9.33360841019393e+26,3.3999999999999995,2.6638184347437315e+37,2667771321.4144235,5.728394982812396,26.67771321414424,5.868079758214305,5.0688805142054815e+37,6.211963236774337e+36,0.0,6.211963236774337e+36,0.0,5.0688805142054815e+37,676561669.8085711,0.0,676561669.8085711,1991209587.8438473,0.0,1991209587.8438473,1.7306993116432697e+54,0.0,1.7306993116432697e+54,0.0002735227387138141,0.0002302146341630716,0.00024842330784232135,0.0002830936635498685,0.0003247196385924799,0.0004909920200826338,0.00038874563120155735,0.00025768319911097064,0.0005429050405923688,0.00038807776833886363,0.0004414489078561311,6.397257474548447e-06,0.00015452328054120384,0.00026507102732477376,0.0002793478874989566,0.0002578633563189525,0.00024678646187253537,0.00025654436773368084,0.00029772613028420807,0.00040403501802832657,0.0005721269102616756,7.329532285369523e-05,0.00014549787095808746,0.00025344589988260445,0.00028030332080413556,0.00027479004949780073,0.00027871912976501186,0.00027616904125409773,0.00038266984474312753,0.0003805602825807579,0.00027083655305905097
784406,150.08811075348842,2.396759943978593,150.08728,2.3960431,30.693269862826547,18.683190851710503,0.09745286469965002,0.05381480489433693,465.364488817782,405.7318773254327,2.881212991059847,0.6533418815073192,0.9306897881839359,0.8741075467136731,0.7737947428040403,0.5388523212414412,123109924.07770723,91984580.26353174,1.988088293621948e-05,4.337966604889581e-06,3.8413558654057855e-05,7.602189241962179e-06,2.1620793869365414e-05,3.995494246949695e-06,2.6589794629878176e-05,4.291988467157172e-06,3.3988936449692015e-05,1.0400224455625112e-06,4.104603938014178e-05,1.3589814711600503e-06,1.4658233837703994e-05,6.8807395654042705e-06,1.9731931129578888e-05,4.4579512577714505e-06,1.893419262700869e-05,5.126547552963687e-06,2.031691973287735e-05,4.27747367148376e-06,2.845857828827776e-05,4.314931535717622e-06,2.2344227577666566e-05,3.924995171355491e-06,3.172853219792407e-05,2.543684205539574e-06,2.106419101064604e-05,4.2806051281316544e-06,2.4105712918851863,0.08035237639617288,0.7452557881656752,0.25,0.5,0.125,1.3479527695625948,0.5717193905389558,0.0,3.0,217.5,35.0,0.0,0.0,300.0,-4.0,100.0,0.014,100.0,100.0,100.0,0.0,10.0,10000.0,31.947986881414895,1.0,0.02,100.0,2570.8925747291214,6.743511619716547e+26,2.5999999999999996,2.351859742234006e+36,56030527.15437264,1.1169527821935374,0.5603052715437262,1.0666528230126329,3.649031884208098e+36,5.305217904098485e+35,0.0,5.305217904098485e+35,0.0,3.649031884208098e+36,10124125.375869906,0.0,10124125.375869906,45906398.57184223,0.0,45906398.57184223,1.6093916883846918e+53,0.0,1.6093916883846918e+53,2.0010480113659946e-05,4.087581270031731e-05,2.203780515818484e-05,2.3442616046865583e-05,2.8457628080875993e-05,3.245064523774965e-05,4.20722444373252e-05,2.1697401886981528e-05,2.8316532148826664e-05,3.977358767034151e-05,4.120809380776925e-05,1.3126100407444531e-05,2.0375455973299297e-05,2.1978241830237915e-05,1.9478641430703944e-05,2.1807840987519685e-05,2.334302516116296e-05,2.3472305887657145e-05,2.3261606309652112e-05,2.9534408721312866e-05,2.864671451612684e-05,1.3768065429241638e-05,2.099734433230111e-05,2.1345986610301486e-05,2.1011462529279182e-05,1.9455781997724536e-05,2.1369083184752602e-05,1.930107928642404e-05,3.9823081682877016e-05,4.1673544501269884e-05,4.485987660558367e-05
759455,150.0847324394875,2.3986409098603514,150.08728,2.3960431,55.04198608685625,46.963116052130005,0.2392811142928027,0.03938781473335343,145.40882768808564,182.01437296591516,3.3739613706778306,0.2790215716106479,22.482183101823303,5.692983251372469,14.088555939885786,3.226620085568411,1187811807.1883326,199628984.71684104,0.00010060226998388027,5.265660809339098e-06,0.000181846845664681,1.6080792331746412e-05,0.0001171722698580755,5.930584614215511e-06,0.0001367260473670248,5.30245626108276e-06,0.00022108296996007593,1.7580079396468304e-06,0.00024374522320601844,2.7659817588694357e-06,4.1230314105974625e-05,8.162086038032004e-06,0.00010552718228398723,6.323766008454005e-06,9.462298749171718e-05,8.925777313037706e-06,8.719264457571908e-05,6.855079079361493e-06,0.0001585983223458999,8.286962128968428e-06,0.000129285020708501,5.92928778792826e-06,0.00019945289724027752,3.846031046342411e-06,8.991322553734048e-05,8.657619528411282e-06,7.352134482373455,0.2450711494124485,1.1922093358921932,0.5,0.5,0.25,2.6545615429286045,0.9250677538535101,-0.1,3.0,217.5,35.0,0.5,0.5,300.0,-2.0,100.0,0.014,100.0,100.0,100.0,0.25,100.0,2000.0,37.871074101535214,1.0,0.0001,100.0,1909.9687153958246,9.33360841019393e+26,3.3999999999999995,7.768130900735445e+37,1481020860.4605098,24.019513595773674,14.810208604605101,23.172865198010204,9.932000978546016e+37,2.519466497782783e+37,0.0,2.519466497782783e+37,0.0,9.932000978546016e+37,278677690.76762176,0.0,278677690.76762176,1202342923.2738984,0.0,1202342923.2738984,6.988764951646828e+54,0.0,6.988764951646828e+54,0.00010081706265022445,0.00017964700651483973,8.187417488484754e-05,0.00011730741179331557,0.0001360381376692108,0.00022088259431109593,0.00024357638281197828,8.595015062720472e-05,0.00019695384460998857,0.00024281145668071923,0.00025041238173524117,1.986637443984324e-05,4.036538190461643e-05,9.587011810618987e-05,0.00010625869202553743,8.614412704661999e-05,7.562773468475125e-05,8.819470545429801e-05,0.0001298988895826719,0.00015905048203303425,0.0001986562283035807,2.2698791767175557e-05,4.702769633929647e-05,8.970915766202263e-05,0.00010578023395538052,0.00010350141330037394,0.00010586649204580878,0.00010486441914080032,0.00024248373714423987,0.00024155192373115524,0.00021228064370264595
759460,150.08823061421572,2.397691354541237,150.08728,2.3960431,62.41259882349876,46.582550069904464,0.012495325997232826,0.031366672649586994,620.412755524841,215.8818169657085,3.463019790984192,0.12079270653201182,0.7856028877469149,0.4023927298381434,1.955887871704255,1.8593795878631252,1396974448.37068,387484662.07549214,6.897788502944208e-05,5.121008050780186e-06,0.00018414923138779352,1.365696944884112e-05,6.796874818345837e-05,4.222053631640206e-06,8.573547608359242e-05,4.933901702207458e-06,0.00019862871630478524,2.4108952753419057e-06,0.00020664224006530283,3.1524474062120537e-06,3.309607554631791e-05,9.27498763786842e-06,6.902264535252908e-05,5.189336417682326e-06,6.63444984843989e-05,6.458479134768004e-06,6.88514697934443e-05,5.042417777416261e-06,0.00011189112146311523,1.0692442230479914e-05,7.173140935321339e-05,4.2808002042328935e-06,0.0001867065906583863,5.424619329904689e-06,6.60462993572746e-05,5.6962061462225e-06,15.40531171812178,0.5135103906040593,-0.0,0.0,0.0,0.0,-0.0,-0.0,-0.5,3.0,217.5,35.0,0.0,0.0,300.0,-4.0,100.0,0.014,500.0,100.0,500.0,0.0,10.0,100.0,312.38956684715436,1.0,0.004,100.0,1909.9687153958246,9.33360841019393e+26,3.3999999999999995,0.0,1812477704.413814,0.641573123131554,0.9700715584722122,0.6652147127565964,7.163890196847987e+36,4.7432035484732905e+35,3.0376321263277436e+33,4.712827227210014e+35,3.965928486394592e+36,3.197961710453396e+36,611027544.3244144,589521427.2260753,21506117.098339032,1201450164.5751283,1125949121.3405168,75501043.23461168,1.3234246639048932e+53,5.3948901727613276e+50,1.3180297737321318e+53,6.665966037163006e-05,0.00018830957683174543,5.9487280218318304e-05,6.522480625049978e-05,8.442491703769942e-05,0.00019936026370028217,0.00020644382235039354,6.653509099203212e-05,0.0001789669914243175,0.00020073189096151686,0.00020950175037338987,2.1785506027577416e-06,3.648179214169002e-05,6.481821996498202e-05,6.656216720636542e-05,6.694478184286327e-05,6.580363438295511e-05,6.362157294033628e-05,6.921310923872667e-05,0.00011524217535103109,0.00018377123478884968,2.035974867948e-05,3.58045030107622e-05,6.456177007609265e-05,6.621020663979233e-05,6.568931796979416e-05,6.57215078371953e-05,6.520893259016261e-05,0.00020043495937470976,0.00020566557207486695,0.00019026940627385637
784557,150.08634676651428,2.398429698290596,150.08728,2.3960431,23.907865081593734,17.47038619983163,0.055550306157607074,0.09011795758346898,664.6101653933439,358.7781467911621,4.6051528253877185,0.7681973385466242,3.9162837960778023,4.061763247322101,4.872915216040757,3.445927342929394,1615173332.293925,692188043.3261764,7.968590622669733e-05,1.516789311454044e-05,0.00011378552089390238,1.7680323376192313e-05,8.593982364381807e-05,1.0705726065228099e-05,8.547549894646329e-05,7.089443895351451e-06,0.00016204687944250667,3.68584222857267e-06,0.00015458683475848815,3.7283541899830833e-06,9.164121430638984e-06,1.765681476130195e-05,7.372004079386708e-05,1.2671365103191301e-05,2.9649800003455622e-05,2.1056577543096893e-05,8.639565757209793e-05,2.2246450323680462e-05,8.973472242586965e-05,1.0854059413159273e-05,8.480502929715506e-05,8.431027713976226e-06,0.00010626446519199542,1.480129011187545e-05,8.641257138511958e-05,1.6100956230603995e-05,46.86315788715252,1.562105262905084,0.4575432683657228,0.9,0.1,0.09000000000000001,0.9402848950084375,0.36548969376541907,0.0,3.0,217.5,35.0,0.0,0.0,300.0,-2.0,100.0,0.014,100.0,100.0,100.0,0.25,300.0,10.0,72.19799409402509,1.0,0.0001,100.0,1202.3604705036018,1.4775492151658732e+27,4.999999999999999,1.5816985716172215e+37,1609792978.494974,3.456641859575908,16.09792978494974,3.5409307822581653,3.058676054839555e+37,3.748437776865508e+36,0.0,3.748437776865508e+36,0.0,3.058676054839555e+37,408252467.83117485,0.0,408252467.83117485,1201540472.188377,0.0,1201540472.188377,1.0443427356030941e+54,0.0,1.0443427356030941e+54,8.577488156152336e-05,8.7800976765483e-05,1.2307316580370504e-05,8.722283833331771e-05,8.487110578151272e-05,0.00016127750041223808,0.00014953409509512545,9.697584248212092e-05,9.604761165803554e-05,0.00015066470929493375,0.0001837924609695815,2.1893309603738886e-10,1.0670403198060463e-08,1.774804650513374e-05,7.643269193522135e-05,9.783504015240316e-05,9.634117831452915e-05,9.551866145767677e-05,7.900762502398099e-05,9.063077973352806e-05,0.00010692199675904618,-1.630667729295404e-12,-1.5057924617253153e-10,8.95835780932468e-06,1.8567683861159826e-05,9.67102865230946e-05,1.6695109492319866e-05,9.70054463859378e-05,0.00013278989655699894,0.00012528900780553394,0.00012033918652801049
784569,150.08804692580466,2.3980034793004497,150.08728,2.3960431,24.643168266009017,15.437705957616528,0.10316422789366789,0.03628203577866212,285.04777100494675,336.3780911570245,3.436450233443914,0.3188542636113431,3.4423593961774075,1.4157204225980495,2.3042660623864517,0.7103965455304854,272072988.19918,125858195.16067378,5.6438226167950535e-05,5.5557399403682015e-06,5.5428499357802665e-05,6.374965250822694e-06,5.0296970125379e-05,3.107019843778513e-06,5.349835024841855e-05,2.2455711337518615e-06,8.556224265548779e-05,1.3745309986766742e-06,6.370057354934318e-05,3.0251708647641817e-06,3.296898476159095e-05,9.758263837913817e-06,5.8458782947359406e-05,5.500431839618041e-06,6.02108633565122e-05,4.166344881301034e-06,5.1487950444041636e-05,6.184190430134589e-06,5.76326312317738e-05,5.983865477373055e-06,5.187435317323401e-05,4.990319143001423e-06,6.577483446300824e-05,6.804149269992186e-06,4.68998046845562e-05,3.839993126691767e-06,33.493673929347516,1.1164557976449172,0.8544186144130096,0.25,0.5,0.125,1.3850304323249143,0.6406568587605623,0.0,3.0,217.5,35.0,0.0,0.0,300.0,-4.0,100.0,0.014,100.0,100.0,100.0,0.25,10.0,10000.0,45.03307022953416,1.0,0.0001,100.0,1787.7582839771,9.997099890300758e+26,3.5999999999999996,1.2732766500431725e+37,313665829.3153515,4.690004427068436,3.136658293153514,4.479052694346971,1.9256943097080368e+37,4.8936962663413403e+36,0.0,4.8936962663413403e+36,0.0,1.9256943097080368e+37,62654047.8108805,0.0,62654047.8108805,251011734.05608365,0.0,251011734.05608365,1.3567215753858626e+54,0.0,1.3567215753858626e+54,5.904325490550299e-05,6.0906539217039044e-05,5.313403960879412e-05,4.927596466027572e-05,5.115393977582041e-05,8.59353517712322e-05,6.637346720102763e-05,5.183130695507566e-05,6.333438911679431e-05,6.454262654508275e-05,6.24916434006454e-05,4.807043374442806e-07,2.8373227615051523e-05,5.9910632760312734e-05,6.129169066249075e-05,5.3742708890766205e-05,4.388163081519983e-05,4.313707382874225e-05,5.1909439118959416e-05,5.3544419459380554e-05,6.494558686076228e-05,9.1705132451452e-06,3.87347043187607e-05,6.154002187757288e-05,6.2870765634401e-05,5.942646208497746e-05,6.19095083729597e-05,5.9794538933655736e-05,6.470624854343983e-05,6.806311259985593e-05,6.168427288151152e-05
784580,150.0872731313591,2.398398619842474,150.08728,2.3960431,23.18003000870126,14.068809250920678,0.025807335761794264,0.03920927081650338,672.2083036727718,391.8875861514431,2.8032852410206006,0.9348832436274223,0.6285335846554961,0.4004777717339213,0.6704774111773084,0.3999980705553126,156055699.4809782,113137047.27545263,3.189920063493894e-05,4.039538599769042e-06,3.824615969743576e-05,1.1400099302336024e-05,3.206366568574164e-05,4.076994659591741e-06,3.351950177722441e-05,4.6035326387793195e-06,4.158885009147268e-05,1.1499487363080027e-06,4.569206999466273e-05,1.366540551513952e-06,2.44821647161216e-05,1.1328344016499802e-05,3.2109538114940764e-05,4.19389033018572e-06,3.080702512431282e-05,6.00193331994511e-06,3.1418131763075334e-05,3.943948371615376e-06,3.5079587639270124e-05,4.946646990617837e-06,3.249098011485495e-05,4.694934673980328e-06,3.93965810526553e-05,2.6659994293116924e-06,3.156975723543555e-05,4.077381299462247e-06,7.7819147459227525,0.2593971581974251,0.46538129987801385,0.9,0.1,0.09000000000000001,0.9360414125119545,0.3699315308676282,0.0,3.0,217.5,35.0,0.5,0.5,300.0,-2.0,100.0,0.014,100.0,100.0,100.0,0.0,10.0,1000.0,32.44099769074595,1.0,0.02,100.0,3358.2302241919315,4.8870327581468366e+26,1.9999999999999998,1.3197506337117464e+36,39291959.17932804,0.760373189207599,0.3929195917932803,0.7290236369638982,2.504902844081778e+36,3.616526733788351e+35,0.0,3.616526733788351e+35,0.0,2.504902844081778e+36,7151072.226427435,0.0,7151072.226427435,32140884.761808842,0.0,32140884.761808842,1.0970596380620226e+53,0.0,1.0970596380620226e+53,3.1802808550473385e-05,2.930093449079595e-05,3.1589746166550705e-05,3.365050690709612e-05,3.5192035096359566e-05,4.08853271814449e-05,4.704599767021926e-05,3.161120744784907e-05,3.423089512702747e-05,4.387784655234441e-05,4.54693489881206e-05,3.203356009224586e-05,3.3469698497822185e-05,3.055324098826467e-05,3.165059576955508e-05,3.191873501497158e-05,3.058597640633041e-05,2.990338988701099e-05,3.665353981533075e-05,3.432570241857944e-05,3.510859541036687e-05,3.279321162709969e-05,3.470922210143759e-05,3.16359961822357e-05,3.0130655049319997e-05,3.2196339996085886e-05,3.0501932597613905e-05,3.2340874202642315e-05,4.375500831753017e-05,4.750441578586859e-05,4.5839290583668855e-05
784614,150.0888055969992,2.3980801527118785,150.08728,2.3960431,22.800067918480377,18.5935387258732,0.010689646071698844,0.02579672751032693,638.4626431270963,326.54105996892366,2.8750459116042437,0.7126838967047783,1.586213712354215,1.2074344630527254,1.708550500224431,0.942023985669316,324610017.0920342,146576419.88746312,8.561569111654327e-05,1.0241194068184028e-05,8.617245506879771e-05,1.784662362837531e-05,8.049555566931561e-05,1.0164478444010377e-05,9.425190886153952e-05,1.2369813194688753e-05,0.0001049196638013994,2.9260334636715146e-06,0.00010817982738846987,3.8111985026157136e-06,7.225649379139245e-05,2.7994036073530464e-05,8.686119782284812e-05,1.0396979420161593e-05,8.947958692833866e-05,1.01627415691211e-05,8.284001644298941e-05,1.05419153772795e-05,9.736200723900183e-05,1.3460560502979992e-05,8.275672437332679e-05,1.213390009452711e-05,0.00010640772015120114,9.482527180327732e-06,8.004703844062463e-05,1.0294235506938368e-05,13.962137407636039,0.46540458025453463,0.8916404197381201,0.25,0.5,0.125,1.3658037436903028,0.8247243163848659,0.0,3.0,217.5,35.0,0.0,0.0,300.0,-2.0,100.0,0.014,100.0,100.0,100.0,0.0,10.0,50.0,43.88050440102815,1.0,0.0001,100.0,1677.9547432334768,1.0666027476055314e+27,3.7999999999999994,2.0243358524880741e+37,630693452.8691301,5.832296225806345,6.3069345286913014,6.090887699542045,3.0040316836144927e+37,6.381019669919663e+36,0.0,6.381019669919663e+36,0.0,3.0040316836144927e+37,129742240.60601173,0.0,129742240.60601173,500951145.6456537,0.0,500951145.6456537,1.7777555148092088e+54,0.0,1.7777555148092088e+54,9.266632700991818e-05,6.793049630671214e-05,7.244906132614946e-05,7.387297853568059e-05,8.029791607768222e-05,0.00010216542076194544,0.00010964020970328585,8.456012324225615e-05,0.00010147569534654605,0.00011693579564167681,9.308807634764834e-05,5.688452577015503e-07,3.230904359408402e-05,8.186433100104e-05,9.494735795548007e-05,8.739524717393689e-05,7.370042173546582e-05,6.711893185861584e-05,8.007775602695823e-05,7.905884048560821e-05,0.00010095459465445894,1.6396943532144254e-07,5.324837364427865e-05,5.39330505362355e-05,9.774547291846317e-05,9.293795103804433e-05,9.77803234435434e-05,9.36222535251996e-05,0.00010258818488558122,0.0001128266048580947,9.269345953492445e-05
784646,150.0899098858085,2.397962033688261,150.08728,2.3960431,7.203607768918389,10.048361119731414,0.032761888179584385,0.10940700667882482,591.6249093059845,650.054628805339,2.608943409469712,1.0056131972485263,0.5506369327047271,0.667900218896893,0.5569909118004581,0.5886355880633493,105072355.51497565,112493926.01502857,2.9213018991732723e-05,1.0454418295418108e-05,2.767313370695435e-05,8.615839236894048e-06,2.8690358050918187e-05,8.039842258885846e-06,3.158577475638364e-05,6.9430708244465444e-06,3.525683968259355e-05,1.708651264929701e-06,3.667779612605129e-05,2.3072274278135296e-06,2.8164096284882597e-05,1.5116707931201235e-05,2.944664663636347e-05,1.0874400466848477e-05,3.046186249836495e-05,1.239831907657136e-05,2.8697721879949642e-05,9.735643111906691e-06,3.271352678304855e-05,6.519929180805859e-06,2.9083630314144563e-05,7.850234139494003e-06,3.469285229921944e-05,4.480955111747594e-06,2.859309070740096e-05,8.850548920506463e-06,79.9299490011503,2.6643316333716767,0.9386192714834486,0.25,0.5,0.125,1.385455126691513,0.7847991869342031,0.0,3.0,217.5,35.0,0.0,0.0,300.0,-3.0,100.0,0.014,100.0,100.0,100.0,0.0,10.0,10000.0,31.78891570650953,1.0,0.0001,100.0,2570.8925747291214,6.743511619716547e+26,2.5999999999999996,4.06130447813806e+36,76417254.14800535,1.5233564444796435,0.7641725414800533,1.4547548274759114,6.016101221540939e+36,1.5893920551815035e+36,0.0,1.5893920551815035e+36,0.0,6.016101221540939e+36,13317017.427518047,0.0,13317017.427518047,63100221.31002419,0.0,63100221.31002419,4.406265572551988e+53,0.0,4.406265572551988e+53,2.4598960838254776e-05,2.734530637080943e-05,3.266447583660855e-05,2.660991243506072e-05,3.196276629599039e-05,3.338330383359089e-05,3.302877238270934e-05,2.595309440784624e-05,3.202895967895158e-05,4.111474675233983e-05,3.535053654547456e-05,2.3905660010601926e-05,3.250598283265047e-05,3.212590522522538e-05,2.430757691742452e-05,2.635308675831058e-05,2.7437594399418075e-05,2.7551723111351397e-05,2.6664485217265283e-05,3.2951795538194894e-05,3.027210283037303e-05,2.5793165801014047e-05,3.427614903568411e-05,3.338232843422474e-05,2.7845261176577746e-05,2.3577100120418115e-05,2.7590835452253756e-05,2.303232085627368e-05,4.193379903025418e-05,3.032552015338806e-05,2.417938462924037e-05
783888,150.0848182031842,2.3940290656325716,150.08728,2.3960431,14.034145446698664,4.711448780945523,0.015348046532864666,0.029277622821013292,509.27760937043433,693.5404095683061,2.427753568988011,0.9120675598491883,0.09132040938281082,0.07210624585009737,0.09633918777692276,0.05808607034302269,12741236.46691236,6974565.058219101,6.933169049372283e-06,1.1032771492067085e-06,2.463971270710377e-06,6.892940418660825e-07,7.047837024933204e-06,1.9120637319740876e-06,7.027568167594725e-06,1.6661606462071313e-06,6.347566415190086e-06,4.536995418019194e-07,4.104009631844296e-06,3.922224630577696e-07,7.412350414096216e-06,2.3738280890316987e-06,6.9776563196143316e-06,1.0463216886761556e-06,7.463163279797462e-06,1.380866803507174e-06,6.83050663232172e-06,1.5049262039506188e-06,7.059365230438781e-06,1.7025007305675213e-06,7.108858559210418e-06,2.080824655841661e-06,6.375257596385707e-06,1.153927543315026e-06,6.959518737609511e-06,1.9012953889188166e-06,1.4730562543958632,0.04910187514652877,0.1655499055412908,0.25,0.1,0.025,0.35390205473047526,0.10886859436548753,-0.5,3.0,217.5,35.0,0.0,0.0,300.0,-4.0,100.0,0.014,100.0,100.0,100.0,0.0,10.0,300.0,33.58233374649842,1.0,0.0001,100.0,1787.7582839771,9.997099890300758e+26,3.5999999999999996,2.565988787477462e+35,12373122.460792538,0.22124506615747322,0.12373122460792538,0.21432761570132064,9.048900715965182e+35,2.3257731177856187e+35,0.0,2.3257731177856187e+35,0.0,9.048900715965182e+35,2220297.5700794677,0.0,2220297.5700794677,10152822.608116034,0.0,10152822.608116034,6.45260354177224e+52,0.0,6.45260354177224e+52,7.149604298725113e-06,3.105626615177967e-06,7.2584573797486345e-06,5.641948899399275e-06,5.4749904257398015e-06,7.195740513798429e-06,3.876586331009486e-06,6.578762338644737e-06,5.2908666154797545e-06,4.089036930900426e-06,3.6384044027210765e-06,6.809795944668929e-08,3.971673701134132e-06,8.222350057908625e-06,7.368683957301631e-06,6.63425750358573e-06,6.096483640650561e-06,5.96237027493548e-06,5.490611605213874e-06,5.6408792743258685e-06,5.5501203070158654e-06,1.435549522432875e-06,5.289541442034569e-06,8.371919509904534e-06,7.637797977340194e-06,7.096824110220769e-06,7.511098752361966e-06,7.135476397874873e-06,4.102574638711383e-06,3.984595863456232e-06,3.3764217481665602e-06
