,ID,RA,Dec,redshift,M_gal,host_ID,host_RA,host_Dec,host_redshift
1241665,14629508,0.44564012464459324,-0.384443956127613,2.1374408176746447,3422344424.1305346,14698440.0,0.4478298532141056,-0.3813138502700812,2.2500425533108417
1310580,14698423,0.4477626896675052,-0.3797810982653922,2.2496525299422503,2339113576.714721,14698440.0,0.4478298532141056,-0.3813138502700812,2.2500425533108417
3433307,16821150,0.45147486299874917,-0.38259960222278755,2.5841054937733587,1181753337.31777,14698440.0,0.4478298532141056,-0.3813138502700812,2.2500425533108417
1160022,14547865,-0.3409398828220417,0.47070058984780283,2.1780874362995384,17746520509.652275,14547846.0,-0.33992437243574175,0.47133638660310484,2.178209222801104
1446309,14834152,0.10766241397474285,-0.38197945832374264,2.2349761647583355,13967744302.70919,15609351.0,0.10699269191924055,-0.3810093446679862,2.4051330617093063
2221527,15609370,0.10652588479477931,-0.3808609482481421,2.4051576090392546,6312913773.714888,15609351.0,0.10699269191924055,-0.3810093446679862,2.4051330617093063
2221528,15609371,0.10669787991684476,-0.38103001011699866,2.405103152685199,1403333291.0073307,15609351.0,0.10699269191924055,-0.3810093446679862,2.4051330617093063
2221530,15609373,0.10642262634267674,-0.38045291687125216,2.4050047947251842,6015812702.091577,15609351.0,0.10699269191924055,-0.3810093446679862,2.4051330617093063
2221556,15609399,0.10978773864900171,-0.38053686002801934,2.4048962957503264,2735543361.8400745,15609351.0,0.10699269191924055,-0.3810093446679862,2.4051330617093063
2239945,15627788,0.10913040059285473,-0.383507650275399,2.4155994312139932,3256206767.377317,15609351.0,0.10699269191924055,-0.3810093446679862,2.4051330617093063
3061318,16449161,0.10480971311630849,-0.3824697333705148,2.493426575411898,1401787551.9476163,15609351.0,0.10699269191924055,-0.3810093446679862,2.4051330617093063
4363593,17751436,0.10772256218475706,-0.37962765460439707,2.829700748078181,2827684717.2111,15609351.0,0.10699269191924055,-0.3810093446679862,2.4051330617093063
4853117,18240960,0.10527633241563206,-0.3772573243074334,2.88526590277555,1351054215.5423872,15609351.0,0.10699269191924055,-0.3810093446679862,2.4051330617093063
4600276,17988119,-0.2508703681173176,0.3045679831062753,2.920389889349752,6261579537.875706,20672809.0,-0.24983641233202286,0.30801933081691824,3.3751092841652484
4600278,17988121,-0.25077325751205093,0.30504128480625636,2.9203978331605844,1342276509.3570387,20672809.0,-0.24983641233202286,0.30801933081691824,3.3751092841652484
7284971,20672814,-0.25240274163636867,0.30836902773947494,3.3750473656736166,23566597648.45761,20672809.0,-0.24983641233202286,0.30801933081691824,3.3751092841652484
7284980,20672823,-0.2474930934438322,0.30876799526193255,3.3753453121610937,1326329453.3530881,20672809.0,-0.24983641233202286,0.30801933081691824,3.3751092841652484
7285049,20672892,-0.2516314731907139,0.3075140179631899,3.375302548107681,2766648803.877853,20672809.0,-0.24983641233202286,0.30801933081691824,3.3751092841652484
425344,13813187,-0.39333037431698037,-0.32008886936851244,2.0520871925100512,7139761910.957054,14645056.0,-0.39275820572053766,-0.323627527995805,2.128644775678475
425388,13813231,-0.3926507689309271,-0.3211773439980326,2.052911314100838,3104893864.7970295,14645056.0,-0.39275820572053766,-0.323627527995805,2.128644775678475
2243912,15631755,-0.3938522692797757,-0.3265287477701365,2.4165033664737363,1596323911.6620195,14645056.0,-0.39275820572053766,-0.323627527995805,2.128644775678475
1456655,14844498,-0.021748022996703087,0.41264515654866996,2.2337430121511392,10391641484.969528,14844409.0,-0.024376923323196575,0.4134721454000758,2.233264082941516
2276172,15664015,-0.02449861972194889,0.41390191755796524,2.4748900137072263,2361125172.656424,14844409.0,-0.024376923323196575,0.4134721454000758,2.233264082941516
549613,13937456,-0.49481527718041096,0.38245359159176295,2.074379456303007,1585084155.994023,13937445.0,-0.4948001283168816,0.38269556581592135,2.074393289957357
1117527,14505370,0.42904096155884164,-0.23192361132414058,2.177507527456779,1160361992.5718546,13831176.0,0.42975751861686917,-0.229518565695907,2.067945588915279
2960160,16348003,0.42753786938383365,-0.23102885622585168,2.5190950300190784,1390320250.57999,13831176.0,0.42975751861686917,-0.229518565695907,2.067945588915279
374790,13762633,0.0295811070965174,0.45051945486992795,2.045616366514038,1556925959.4937816,13762614.0,0.029078630004027772,0.44979016837680685,2.045768283902376
374803,13762646,0.029328487181037866,0.4500851674964468,2.04569975822064,20161386306.05361,13762614.0,0.029078630004027772,0.44979016837680685,2.045768283902376
394881,13782724,0.02841935029262943,0.4482359854007719,2.0461646556651685,1179182599.7425256,13762614.0,0.029078630004027772,0.44979016837680685,2.045768283902376
2976821,16364664,0.030384324828354403,0.4500578952004498,2.521695169973228,6670463191.302497,13762614.0,0.029078630004027772,0.44979016837680685,2.045768283902376
3822188,17210031,-0.10789437558100767,-0.06751056627458363,2.6755437582175463,1023252296.4467262,17210014.0,-0.1079354570390682,-0.06670300028053833,2.675787358010623
3822190,17210033,-0.10946787755511478,-0.06435872458749847,2.675890171996325,3643246346.383499,17210014.0,-0.1079354570390682,-0.06670300028053833,2.675787358010623
3822210,17210053,-0.1089108809190843,-0.07073351490552388,2.675132324630796,4259031050.742481,17210014.0,-0.1079354570390682,-0.06670300028053833,2.675787358010623
5305600,18693443,-0.11148854575349437,-0.06841795844204568,3.1168747415581874,6604302457.014038,17210014.0,-0.1079354570390682,-0.06670300028053833,2.675787358010623
5305603,18693446,-0.11058010963903991,-0.06778517000326839,3.117093511730717,1192938872.3468297,17210014.0,-0.1079354570390682,-0.06670300028053833,2.675787358010623
5305638,18693481,-0.10760083360361172,-0.06891624059331353,3.117263105786848,2371953532.684112,17210014.0,-0.1079354570390682,-0.06670300028053833,2.675787358010623
6848743,20236586,-0.2874372547851577,-0.39870037516566914,3.506729902632592,1328275707.5780945,21928350.0,-0.29050016067157736,-0.397635278337528,3.927232828715325
8206633,21594476,-0.2875701828029884,-0.3949856414651128,3.6794497971302658,1007067111.7915055,21928350.0,-0.29050016067157736,-0.397635278337528,3.927232828715325
8540508,21928351,-0.28999051822731453,-0.39847025193816416,3.92729868175529,1594139167.93759,21928350.0,-0.29050016067157736,-0.397635278337528,3.927232828715325
3544493,16932336,0.4495346265939856,-0.015144663345871778,2.6226209234786166,16453124739.737926,17918944.0,0.4525602900900594,-0.014405229183857393,2.9347308960821414
3927814,17315657,0.45627477027797003,-0.012911751270198946,2.703102091869661,1775718895.5899198,17918944.0,0.4525602900900594,-0.014405229183857393,2.9347308960821414
3927825,17315668,0.4565592212787192,-0.014965357587180594,2.7029669557535736,2386781675.940648,17918944.0,0.4525602900900594,-0.014405229183857393,2.9347308960821414
4531130,17918973,0.45215546505239956,-0.015313710835851813,2.9348415399715857,3577396926.737541,17918944.0,0.4525602900900594,-0.014405229183857393,2.9347308960821414
4531168,17919011,0.45608618074793084,-0.01459322828075349,2.9349678972566644,1066704424.6730226,17918944.0,0.4525602900900594,-0.014405229183857393,2.9347308960821414
11091845,24479688,-0.29772774200593377,0.1905853025722981,4.707826590517533,1000837701.2984375,25030975.0,-0.29755034545675496,0.1924373436250476,4.55012145077416
4065036,17452879,0.4329341116304892,-0.39369658040212335,2.76590278940944,4075464823.96654,17914478.0,0.43284982916952275,-0.39771883682660203,2.937494610062992
8596875,21984718,-0.30852190597597906,-0.21849793265736428,3.7510854274830843,2296755568.2889266,23215110.0,-0.3091446219398717,-0.21458808280510488,3.990923301023512
9827285,23215128,-0.30626928447839513,-0.21277505892619064,3.991192203795124,5777820954.704929,23215110.0,-0.3091446219398717,-0.21458808280510488,3.990923301023512
9827286,23215129,-0.3074207663323749,-0.2121587049659412,3.9913925300151054,3356452595.704546,23215110.0,-0.3091446219398717,-0.21458808280510488,3.990923301023512
9827289,23215132,-0.30679748099128273,-0.2127700780936953,3.991112409612156,2550308694.084596,23215110.0,-0.3091446219398717,-0.21458808280510488,3.990923301023512
9827364,23215207,-0.3102690501825187,-0.21793854987435496,3.9894016868256332,1438799515.5279634,23215110.0,-0.3091446219398717,-0.21458808280510488,3.990923301023512
9827371,23215214,-0.3098412487494961,-0.21698236706768936,3.9901518150360715,1746503452.1053033,23215110.0,-0.3091446219398717,-0.21458808280510488,3.990923301023512
6852645,20240488,-0.1048455169998474,-0.45371172827163625,3.5117339980646687,4734962383.276332,20870466.0,-0.1073378461069861,-0.45681554416099907,3.6040887651289606
7001217,20389060,-0.10681514709627787,-0.4583492151030487,3.4120343075887707,1031041010.5122907,20870466.0,-0.1073378461069861,-0.45681554416099907,3.6040887651289606
7482624,20870467,-0.10722823145525379,-0.456938395615588,3.604086350245135,2216624705.2800546,20870466.0,-0.1073378461069861,-0.45681554416099907,3.6040887651289606
115740,13443316,0.23688767661006982,-0.10434910710925133,2.0410582273387043,49007753758.63322,15304338.0,0.2368879249834015,-0.10098656368878922,2.2904329084785244
1916509,15304352,0.23702494486014536,-0.10077442584253687,2.290243681588827,1894408249.5587206,15304338.0,0.2368879249834015,-0.10098656368878922,2.2904329084785244
3238021,16625864,0.24051562399674342,-0.1018307528732848,2.533750617250747,1066361258.2345161,15304338.0,0.2368879249834015,-0.10098656368878922,2.2904329084785244
5358734,18746577,0.41122104258023595,-0.15141005093023668,3.095500302512493,1736384630.3421595,21301357.0,0.41022292504138524,-0.14770638732385527,3.5566770632940594
7124619,20512462,0.40671387073618004,-0.14888285070620816,3.493703412755217,1022200740.6821902,21301357.0,0.41022292504138524,-0.14770638732385527,3.5566770632940594
7913467,21301310,0.4139576605133142,-0.14750863356782468,3.5586218528812332,1576018610.0798335,21301357.0,0.41022292504138524,-0.14770638732385527,3.5566770632940594
7913530,21301373,0.409547577170866,-0.14848734288541832,3.556672960920914,2041356370.4317827,21301357.0,0.41022292504138524,-0.14770638732385527,3.5566770632940594
8086889,21474732,0.40818815692722443,-0.14509576718539818,3.64616564997284,10477242362.505997,21301357.0,0.41022292504138524,-0.14770638732385527,3.5566770632940594
8462126,21849969,0.4087410502128196,-0.1505793693016445,3.785640650299821,1196486486.8344631,21301357.0,0.41022292504138524,-0.14770638732385527,3.5566770632940594
9822282,23210125,0.40848839357147504,-0.14810737322243123,3.9998833903866062,9743017580.331362,21301357.0,0.41022292504138524,-0.14770638732385527,3.5566770632940594
1238014,14625857,0.3100950718134079,-0.39601467149294733,2.1316806774917607,12276938538.671473,14700201.0,0.31161076316860514,-0.39444351625646,2.2500118292659934
1312370,14700213,0.3113570793296466,-0.39362908356266435,2.249981960141287,26057452329.686443,14700201.0,0.31161076316860514,-0.39444351625646,2.2500118292659934
1312392,14700235,0.3119481412437194,-0.39630941873957143,2.2497015363199946,2376710152.418918,14700201.0,0.31161076316860514,-0.39444351625646,2.2500118292659934
642056,14029899,0.0760410054167483,-0.18649650791407518,2.176206609367152,1367888369.3085983,14029893.0,0.07282536154822028,-0.1855040787698194,2.1762754544319822
642074,14029917,0.07169113090242962,-0.18485064572423832,2.1762981764302283,8313061621.729523,14029893.0,0.07282536154822028,-0.1855040787698194,2.1762754544319822
960171,14348014,-0.30216950394116837,0.0014796414413343895,2.1403614886338733,8794126407.93907,15033916.0,-0.30173226294878686,0.0015896561654636931,2.3008193000950983
960178,14348021,-0.3029168087553788,0.001965906337149992,2.1404552256015044,2270634026.232451,15033916.0,-0.30173226294878686,0.0015896561654636931,2.3008193000950983
1252247,14640090,-0.29896776916809187,-0.0013025147059568254,2.131997861277945,4562754974.667874,15033916.0,-0.30173226294878686,0.0015896561654636931,2.3008193000950983
1646076,15033919,-0.30065197269394084,0.0014837809482360909,2.3008434006568392,27888679312.248016,15033916.0,-0.30173226294878686,0.0015896561654636931,2.3008193000950983
3125823,16513666,-0.30397139726668815,0.004760067456079153,2.599869615174975,1573694293.7583055,15033916.0,-0.30173226294878686,0.0015896561654636931,2.3008193000950983
3707089,17094932,-0.29967035839317624,0.0013435597766728868,2.736357449423597,1049666983.8761041,15033916.0,-0.30173226294878686,0.0015896561654636931,2.3008193000950983
3726449,17114292,-0.30065228069366556,-0.0023620678262681882,2.726018292529265,4835778034.275254,15033916.0,-0.30173226294878686,0.0015896561654636931,2.3008193000950983
6704660,20092503,0.07367018912804346,0.10509837469402528,3.3233925384883167,2609180480.901729,21018736.0,0.07368129119229017,0.10110296076520509,3.5335900695717872
6751825,20139668,0.07031168379241104,0.09878541891421588,3.424853995128548,2328396307.0009465,21018736.0,0.07368129119229017,0.10110296076520509,3.5335900695717872
7630912,21018755,0.07284094690623966,0.10082485524248797,3.53333936493114,1811579645.4225283,21018736.0,0.07368129119229017,0.10110296076520509,3.5335900695717872
7842829,21230672,0.07508109149687858,0.10274025134621412,3.61338095149293,2070719845.4900527,21018736.0,0.07368129119229017,0.10110296076520509,3.5335900695717872
7961465,21349308,0.07037536273783107,0.09901405318416434,3.5709732230021882,2954688272.5323234,21018736.0,0.07368129119229017,0.10110296076520509,3.5335900695717872
7961470,21349313,0.07048510052109924,0.10000196726731947,3.5710184280511026,1469611900.1875088,21018736.0,0.07368129119229017,0.10110296076520509,3.5335900695717872
7961492,21349335,0.07248368381987891,0.1041027051604353,3.5684308532587248,1451208190.5012932,21018736.0,0.07368129119229017,0.10110296076520509,3.5335900695717872
8630972,22018815,0.07583825151390855,0.10327808921865056,3.769412210269937,1121157546.3109157,21018736.0,0.07368129119229017,0.10110296076520509,3.5335900695717872
1928889,15316732,-0.2980405988008648,-0.15673274428797518,2.285421746817544,6018669587.384977,15591226.0,-0.2960740501707412,-0.15777684204733272,2.405349877494108
1928915,15316758,-0.2989732151686689,-0.15815792094441772,2.2851494385960205,1232648540.3394248,15591226.0,-0.2960740501707412,-0.15777684204733272,2.405349877494108
2203399,15591242,-0.2952459964962687,-0.158770531415663,2.405329457192434,1110651968.1877656,15591226.0,-0.2960740501707412,-0.15777684204733272,2.405349877494108
3949470,17337313,-0.2940128764234949,-0.1586304791473923,2.645791200068275,4052724308.600336,15591226.0,-0.2960740501707412,-0.15777684204733272,2.405349877494108
3949587,17337430,-0.2944880746902363,-0.15557980198229127,2.6389043910875767,2332223271.5363007,15591226.0,-0.2960740501707412,-0.15777684204733272,2.405349877494108
3949605,17337448,-0.29769481005191323,-0.15475361681660038,2.638173501948201,3250001204.6085825,15591226.0,-0.2960740501707412,-0.15777684204733272,2.405349877494108
3949639,17337482,-0.2983030301290327,-0.15715369333671592,2.6385660000835727,5205872079.537636,15591226.0,-0.2960740501707412,-0.15777684204733272,2.405349877494108
3949879,17337722,-0.29904943756900115,-0.1551944266782429,2.6463568337733303,3852547729.821237,15591226.0,-0.2960740501707412,-0.15777684204733272,2.405349877494108
4451280,17839123,-0.29774060964712573,-0.15908448399628278,2.8149643334303014,3984453240.906616,15591226.0,-0.2960740501707412,-0.15777684204733272,2.405349877494108
1858205,15246048,-0.14334217605169675,0.3218077552980422,2.2907584437881146,9409279000.109314,15246022.0,-0.14506554951051276,0.32052905080820293,2.290641879497904
1858240,15246083,-0.14669223879084975,0.3180903118099474,2.2905456919946947,9836689254.453442,15246022.0,-0.14506554951051276,0.32052905080820293,2.290641879497904
1858242,15246085,-0.14662924015266682,0.3180518403806192,2.290549975259785,1692703069.570824,15246022.0,-0.14506554951051276,0.32052905080820293,2.290641879497904
2912042,16299885,-0.1446977200458197,0.31825905182749925,2.503953586449709,1239103389.741364,15246022.0,-0.14506554951051276,0.32052905080820293,2.290641879497904
3900713,17288556,-0.14289723401106807,0.32373244754506436,2.7178242195787883,2234273999.642933,15246022.0,-0.14506554951051276,0.32052905080820293,2.290641879497904
3377727,16765570,-0.23653348731985235,0.40985231562995916,2.5643468175474444,1019202395.5268258,17877738.0,-0.2387525494655201,0.41106278846318256,2.9534720508139487
3411278,16799121,-0.23932134560991408,0.41190740985222096,2.5697494959986247,1014712799.6829773,17877738.0,-0.2387525494655201,0.41106278846318256,2.9534720508139487
3562265,16950108,-0.23972597375699028,0.4083997813912408,2.6268735218190016,1435906020.6379843,17877738.0,-0.2387525494655201,0.41106278846318256,2.9534720508139487
3883105,17270948,-0.2362271800450002,0.41423601741688976,2.7018131014036424,12984188936.543262,17877738.0,-0.2387525494655201,0.41106278846318256,2.9534720508139487
3883109,17270952,-0.23747928446700112,0.41428238528815076,2.70165138775878,6026887157.9874525,17877738.0,-0.2387525494655201,0.41106278846318256,2.9534720508139487
4489898,17877741,-0.23876440370379992,0.4109543867176366,2.9534633949134825,3009474748.7712364,17877738.0,-0.2387525494655201,0.41106278846318256,2.9534720508139487
4489902,17877745,-0.23841495322084272,0.41084484528030385,2.9534366614708327,10999772176.468925,17877738.0,-0.2387525494655201,0.41106278846318256,2.9534720508139487
4692020,18079863,-0.24196848807790788,0.4107875408445756,2.8605670604781417,2506344923.1458664,17877738.0,-0.2387525494655201,0.41106278846318256,2.9534720508139487
6672920,20060763,-0.23837449370775687,0.4147917737653284,3.3275411317276262,1382566401.5011222,17877738.0,-0.2387525494655201,0.41106278846318256,2.9534720508139487
6673190,20061033,-0.23789639171229743,0.41198308870467804,3.3275309533865918,2943957295.1083965,17877738.0,-0.2387525494655201,0.41106278846318256,2.9534720508139487
365506,13753349,0.10357401321477022,-0.1552675133523067,2.0525418075295288,3029410494.29971,15826202.0,0.1032361578341966,-0.15769109337669296,2.37469245524091
887400,14275243,0.10469093887196546,-0.15691758941917772,2.1435864744638344,20570024286.084087,15826202.0,0.1032361578341966,-0.15769109337669296,2.37469245524091
2335426,15723269,0.10540087176758806,-0.15667879873446294,2.463854766816944,5580974968.74478,15826202.0,0.1032361578341966,-0.15769109337669296,2.37469245524091
2335428,15723271,0.10493461497961765,-0.15657308089662447,2.463886392875476,1476917889.9778445,15826202.0,0.1032361578341966,-0.15769109337669296,2.37469245524091
2438371,15826214,0.10413898336457239,-0.1580851379817388,2.374637208295989,1626111230.6454718,15826202.0,0.1032361578341966,-0.15769109337669296,2.37469245524091
2438380,15826223,0.1038271325203105,-0.15933170439569144,2.374714813174882,1113272489.380247,15826202.0,0.1032361578341966,-0.15769109337669296,2.37469245524091
2438404,15826247,0.10308193860350034,-0.15771312490251804,2.374697029061236,1752233213.2385514,15826202.0,0.1032361578341966,-0.15769109337669296,2.37469245524091
2438535,15826378,0.1040783696181179,-0.15782210037208722,2.3740474121075126,4995359028.401259,15826202.0,0.1032361578341966,-0.15769109337669296,2.37469245524091
7444271,20832114,0.46831130287509204,0.4625387293653048,3.4611243794382416,8864102518.382875,20832108.0,0.4678720561539892,0.46275208440172677,3.4610701861179884
7444280,20832123,0.4662422106722488,0.4639136030122252,3.4612287593153632,1600536692.6482942,20832108.0,0.4678720561539892,0.46275208440172677,3.4610701861179884
7444295,20832138,0.4693732410797141,0.46131238276849185,3.46133132612563,1304644791.989348,20832108.0,0.4678720561539892,0.46275208440172677,3.4610701861179884
7444314,20832157,0.4705048243650152,0.4610235701976464,3.461066498994146,2187793708.732691,20832108.0,0.4678720561539892,0.46275208440172677,3.4610701861179884
7444338,20832181,0.46993633579071636,0.4610461755629921,3.4616176363883366,2780065396.682564,20832108.0,0.4678720561539892,0.46275208440172677,3.4610701861179884
1493648,14881491,0.4780707499545319,0.19853902960648973,2.2321390703333863,1263324198.3484855,16560899.0,0.4768377996999188,0.19563087608062246,2.607839468033953
3173058,16560901,0.4776787275815456,0.19521863627355007,2.6079071305770376,7780199556.351913,16560899.0,0.4768377996999188,0.19563087608062246,2.607839468033953
3788525,17176368,0.4786924394709128,0.19888700822407712,2.6695125712865586,1908628697.2986505,16560899.0,0.4768377996999188,0.19563087608062246,2.607839468033953
318855,13694026,-0.4579834367151356,0.14300483868039127,2.0064546283831253,1069209970.2450739,13694017.0,-0.4570150813147794,0.14403468296586808,2.0065064870645344
318881,13694052,-0.4587095499356768,0.14391567714117037,2.0065526991137643,1302358700.050499,13694017.0,-0.4570150813147794,0.14403468296586808,2.0065064870645344
318886,13694057,-0.45427121155629496,0.14381324275471308,2.0066132625221247,12657104549.90198,13694017.0,-0.4570150813147794,0.14403468296586808,2.0065064870645344
318896,13694067,-0.45564050208654927,0.14494935102820117,2.006423717827021,31452819681.44094,13694017.0,-0.4570150813147794,0.14403468296586808,2.0065064870645344
318904,13694075,-0.45846649157619396,0.14478739121175455,2.006296201117994,3304655056.8022733,13694017.0,-0.4570150813147794,0.14403468296586808,2.0065064870645344
1744676,15132519,-0.45905226268633115,0.14407086311849204,2.3232006601017816,2359596435.6555243,13694017.0,-0.4570150813147794,0.14403468296586808,2.0065064870645344
709590,14097433,-0.32129347339514214,0.07080778053289793,2.1596568393835667,71202214236.8933,14339642.0,-0.31850423683695017,0.07312863158243066,2.157673059014121
709599,14097442,-0.3214059855474814,0.07022547854360706,2.1596957870796234,2525892081.973375,14339642.0,-0.31850423683695017,0.07312863158243066,2.157673059014121
2736770,16124613,-0.08641782773485762,0.23440909400721177,2.447246299477976,5714765601.46603,15190377.0,-0.08643218418010867,0.2346510426401025,2.33668537574552
3993248,17381091,-0.08521483151961734,0.23778817530486207,2.643486060065825,1225177832.789681,15190377.0,-0.08643218418010867,0.2346510426401025,2.33668537574552
4646765,18034608,0.4336214545960808,0.4138793880238336,2.912797165697927,1946261700.7098887,18034592.0,0.43437676464892516,0.4129183303395634,2.9127986061245066
4646802,18034645,0.43160399205581357,0.41064720011983835,2.9129418239587723,1462635772.4844558,18034592.0,0.43437676464892516,0.4129183303395634,2.9127986061245066
4646825,18034668,0.4352962772178256,0.41389811165431,2.9128230001214304,17443243722.747395,18034592.0,0.43437676464892516,0.4129183303395634,2.9127986061245066
4646829,18034672,0.4357707459681186,0.4138220963028252,2.9128368837947507,1458972446.940707,18034592.0,0.43437676464892516,0.4129183303395634,2.9127986061245066
6378844,19766687,0.4362479093244892,0.41556440798741034,3.166530990705004,1017279111.7616959,18034592.0,0.43437676464892516,0.4129183303395634,2.9127986061245066
6655450,20043293,0.43415370827087985,0.4117063158966666,3.254969615155351,1085914606.2177835,18034592.0,0.43437676464892516,0.4129183303395634,2.9127986061245066
2638108,16025951,-0.06446804284958763,-0.04204248336245198,2.394399741448088,4766117856.463421,18280856.0,-0.06088862655016519,-0.04047923658424851,2.7994294226147414
2638134,16025977,-0.06337937461026372,-0.039255120873181615,2.3953608209394424,1206704451.5779457,18280856.0,-0.06088862655016519,-0.04047923658424851,2.7994294226147414
4893034,18280877,-0.06173187939619651,-0.03934126245847819,2.7993276824271187,3096553789.302425,18280856.0,-0.06088862655016519,-0.04047923658424851,2.7994294226147414
4893035,18280878,-0.06227189208843947,-0.03938016786536591,2.799438435867697,5564701763.297008,18280856.0,-0.06088862655016519,-0.04047923658424851,2.7994294226147414
4893048,18280891,-0.06050196333578911,-0.040879089679506986,2.799390142873441,5210368936.010144,18280856.0,-0.06088862655016519,-0.04047923658424851,2.7994294226147414
531932,13919775,-0.3001854406171819,-0.3427227168379109,2.0713733019967497,1377885971.8072562,14943848.0,-0.2975857462107271,-0.3441999150684596,2.3026809773810406
1048618,14436461,-0.29666650531205996,-0.3434448889575725,2.116831347363461,2649882210.9066186,14943848.0,-0.2975857462107271,-0.3441999150684596,2.3026809773810406
1556007,14943850,-0.2976024671287237,-0.3439873634217156,2.3026517094202856,1374936918.380777,14943848.0,-0.2975857462107271,-0.3441999150684596,2.3026809773810406
1556026,14943869,-0.2973098285822108,-0.3468071534652476,2.3028820597450843,5255239819.54583,14943848.0,-0.2975857462107271,-0.3441999150684596,2.3026809773810406
4064087,17451930,-0.2944310130429988,-0.3466344513439835,2.7490431353001523,8437100239.013915,14943848.0,-0.2975857462107271,-0.3441999150684596,2.3026809773810406
2840690,16228533,-0.21411507443569605,-0.34633828752716167,2.4525016289644457,2884903024.239829,16228523.0,-0.21512987729826888,-0.34631039214742254,2.452466358319129
2840693,16228536,-0.21383939350599285,-0.3474384801459345,2.452431830196969,2650403579.5915413,16228523.0,-0.21512987729826888,-0.34631039214742254,2.452466358319129
2840782,16228625,-0.21509435718813014,-0.34965959028674365,2.455301532842539,14163111855.018112,16228523.0,-0.21512987729826888,-0.34631039214742254,2.452466358319129
3966625,17354468,-0.21591635861181607,-0.34980373516514074,2.6416181482364065,1016741177.8544362,16228523.0,-0.21512987729826888,-0.34631039214742254,2.452466358319129
1331357,14719200,0.07161445875029215,0.3646239825269212,2.244118207788634,173008258975.99036,14719245.0,0.073487443314731,0.3674747337356682,2.24424823609828
1331371,14719214,0.07307998564501761,0.36770910002513546,2.2443075907951218,6819102212.751066,14719245.0,0.073487443314731,0.3674747337356682,2.24424823609828
1331399,14719242,0.07200470764321465,0.3650717478902362,2.2441552073788102,53294208149.6593,14719245.0,0.073487443314731,0.3674747337356682,2.24424823609828
1331435,14719278,0.07083183510726965,0.3674242083570568,2.244343413665131,3451873311.4648304,14719245.0,0.073487443314731,0.3674747337356682,2.24424823609828
1979503,15367346,0.07344006474930409,0.3652726163558534,2.2726359295087444,24464997779.78057,14719245.0,0.073487443314731,0.3674747337356682,2.24424823609828
1979512,15367355,0.07468681087073192,0.36483231114584547,2.2724726916148343,1628718028.5708077,14719245.0,0.073487443314731,0.3674747337356682,2.24424823609828
1979546,15367389,0.07652984564802101,0.3671239887561003,2.2732498346501653,2116134896.401923,14719245.0,0.073487443314731,0.3674747337356682,2.24424823609828
928684,14316527,-0.47459359821663266,-0.4793823521999204,2.152417420913196,2559359527.2650094,14316508.0,-0.47364996288189065,-0.47864586179744667,2.15234899092616
928685,14316528,-0.47539073737475085,-0.47811939867688563,2.152294057449978,23391312032.322277,14316508.0,-0.47364996288189065,-0.47864586179744667,2.15234899092616
928695,14316538,-0.4737228759752528,-0.4775665443064584,2.152319109216435,16514158073.319489,14316508.0,-0.47364996288189065,-0.47864586179744667,2.15234899092616
6855146,20242989,-0.029991832262963425,-0.4782840590946132,3.507142820635596,1160962559.2265284,21449272.0,-0.030445550825973222,-0.48172691807394186,3.644454555739769
8061444,21449287,-0.0313986161429915,-0.48205737489696276,3.6444883737566025,3371607973.168237,21449272.0,-0.030445550825973222,-0.48172691807394186,3.644454555739769
8061458,21449301,-0.030685542667807042,-0.481540446705524,3.644535977657787,1259061995.007633,21449272.0,-0.030445550825973222,-0.48172691807394186,3.644454555739769
1199313,14587156,0.17281374280252848,0.346687911822415,2.13083436802746,1966086436.7805574,14587153.0,0.17267976198738433,0.3467078432141202,2.1308847109436404
1199316,14587159,0.1725617653320216,0.34677367278089843,2.130881702615295,4858326817.173898,14587153.0,0.17267976198738433,0.3467078432141202,2.1308847109436404
1705937,15093780,0.1724328001132942,0.3446994682855703,2.329934499932232,14292698909.353354,14587153.0,0.17267976198738433,0.3467078432141202,2.1308847109436404
1705968,15093811,0.1731893741499423,0.3498082453479442,2.3303226992895607,2139042932.9339492,14587153.0,0.17267976198738433,0.3467078432141202,2.1308847109436404
1870790,15258633,0.17551433145232642,0.3469449566693734,2.2795445322956254,5847833521.946344,14587153.0,0.17267976198738433,0.3467078432141202,2.1308847109436404
2135205,15523048,0.1700961392452509,0.3473131785129646,2.406643252957123,1316171875.2668245,14587153.0,0.17267976198738433,0.3467078432141202,2.1308847109436404
2729599,16117442,0.17059533869161492,0.3433007783375005,2.4558818230118,2715888773.098041,14587153.0,0.17267976198738433,0.3467078432141202,2.1308847109436404
552844,13940687,-0.42943020990039055,0.2569771405286232,2.0816372914938164,4297842185.807484,15695429.0,-0.4306189668058322,0.2581410276879038,2.4801514735942285
2307591,15695434,-0.43163186011968296,0.25792615609029623,2.480229163068961,3910561948.9903483,15695429.0,-0.4306189668058322,0.2581410276879038,2.4801514735942285
2610601,15998444,-0.4292963424083843,0.2555081556554927,2.389292812116686,2130951348.8662417,15695429.0,-0.4306189668058322,0.2581410276879038,2.4801514735942285
3440284,16828127,-0.4306463430695526,0.2548207476861609,2.588555210978012,3056844572.5291505,15695429.0,-0.4306189668058322,0.2581410276879038,2.4801514735942285
3353574,16741417,0.19309841408663586,-0.4841585661190162,2.5584236855620075,3161154277.6543984,17024806.0,0.1950119363457823,-0.48142892801408177,2.734668702450171
3636984,17024827,0.19513375097463226,-0.4805206092130522,2.7346850628562582,3199235737.39888,17024806.0,0.1950119363457823,-0.48142892801408177,2.734668702450171
3637009,17024852,0.19673867031516534,-0.47924627040392137,2.7347729658770152,1411842182.2350466,17024806.0,0.1950119363457823,-0.48142892801408177,2.734668702450171
5590189,18978032,0.19488155036215948,-0.48530061352167825,3.07625729654012,1148849583.7022886,17024806.0,0.1950119363457823,-0.48142892801408177,2.734668702450171
873201,14261044,0.11514609751479343,-0.029768843253526578,2.150536401777908,9004715232.405008,14261039.0,0.11492271675011856,-0.029319864742132273,2.150557417148297
873221,14261064,0.11630433302003229,-0.028947923076163784,2.150536974396241,5773910959.792267,14261039.0,0.11492271675011856,-0.029319864742132273,2.150557417148297
2173594,15561437,0.11312373390184338,-0.028955636378078076,2.39762291699929,1240123093.3789778,14261039.0,0.11492271675011856,-0.029319864742132273,2.150557417148297
2331445,15719288,-0.19136359548888082,-0.2765728639163086,2.461617984445345,27628492151.33919,13579795.0,-0.19112073644096894,-0.2726583654634679,2.0836243465998683
2331447,15719290,-0.19226741590838908,-0.2753250861228579,2.4617454323295966,4367201476.146169,13579795.0,-0.19112073644096894,-0.2726583654634679,2.0836243465998683
558428,13946271,-0.47974973335688026,-0.3126876631371419,2.065321587796483,5205726858.36579,16355571.0,-0.47704182742474116,-0.31497129912744226,2.5221911907245307
2901269,16289112,-0.4735450719421357,-0.3163147373293068,2.5030466368169293,2407176244.494011,16355571.0,-0.47704182742474116,-0.31497129912744226,2.5221911907245307
2967747,16355590,-0.47665705428025085,-0.3148108260096101,2.5224208641473207,1686503586.4691768,16355571.0,-0.47704182742474116,-0.31497129912744226,2.5221911907245307
2967808,16355651,-0.47919119972871554,-0.31264985938001877,2.522705503057951,1485131821.1958957,16355571.0,-0.47704182742474116,-0.31497129912744226,2.5221911907245307
2967821,16355664,-0.4806709345373228,-0.3135576580611741,2.5232023975995705,25777823368.128574,16355571.0,-0.47704182742474116,-0.31497129912744226,2.5221911907245307
2967848,16355691,-0.47930144844074063,-0.31340111251315134,2.5230418675370525,15498332008.09185,16355571.0,-0.47704182742474116,-0.31497129912744226,2.5221911907245307
2929977,16317820,0.07868427304713554,0.14008009782545205,2.514072825137793,20169868502.686867,16317817.0,0.07927709064281185,0.14127982365813452,2.5141311343111483
4609866,17997709,0.08020249189033746,0.14212881606138472,2.9237669883701782,1521269228.1967065,16317817.0,0.07927709064281185,0.14127982365813452,2.5141311343111483
4683768,18071611,0.07851933539881495,0.1392478375088556,2.9118951535586466,1832455709.6641462,16317817.0,0.07927709064281185,0.14127982365813452,2.5141311343111483
400212,13788055,-0.15039241040586993,-0.20219145239906272,2.062312112882891,13070597004.068893,13788052.0,-0.1498500655271755,-0.20179551147725516,2.0623432654003646
850470,14238313,-0.1483280818751625,-0.19963621594583336,2.1502744137722254,1044699110.1289792,13788052.0,-0.1498500655271755,-0.20179551147725516,2.0623432654003646
977191,14365034,-0.1536211477230644,-0.2005311652230456,2.110078995667203,2942305565.0162005,13788052.0,-0.1498500655271755,-0.20179551147725516,2.0623432654003646
314591,13679161,-0.2085063938942308,-0.038451975642761316,2.0002508755725827,2326823357.402036,13911211.0,-0.20951048319860904,-0.03900901920610389,2.0688390909301777
525796,13913639,-0.213395318587086,-0.040172994880454616,2.0691080280283187,1865290253.907574,13911211.0,-0.20951048319860904,-0.03900901920610389,2.0688390909301777
2528335,15916178,-0.20882024958938095,-0.03804658011309242,2.4200982583771777,1514763777.5249147,13911211.0,-0.20951048319860904,-0.03900901920610389,2.0688390909301777
2531303,15919146,-0.2130022672203119,-0.03717290182158861,2.427434334149788,1917112554.0244126,13911211.0,-0.20951048319860904,-0.03900901920610389,2.0688390909301777
4851218,18239061,0.011977254751335598,-0.41060138964306275,2.8948110745900086,2788029979.450361,18239046.0,0.010886773335826438,-0.4117965485289601,2.8948887687773444
4851237,18239080,0.01444508952522261,-0.4102121184651162,2.894586492367496,2760216717.471088,18239046.0,0.010886773335826438,-0.4117965485289601,2.8948887687773444
8612054,21999897,-0.33740741133420193,-0.05661130755375071,3.774523664775767,1562715445.4483986,22826214.0,-0.3379082026900401,-0.056864810128578525,4.148635585137042
1397204,14785047,-0.4097589713828389,0.1338159394408549,2.2453304583069857,8254290930.041131,15786399.0,-0.4118721748459333,0.1327368143272185,2.3672420061025847
2398563,15786406,-0.4107946441303005,0.1319938327782656,2.3672261048104613,9121429185.101814,15786399.0,-0.4118721748459333,0.1327368143272185,2.3672420061025847
2401914,15789757,-0.41455039302743385,0.13054301826882142,2.374374505451873,4445867318.001001,15786399.0,-0.4118721748459333,0.1327368143272185,2.3672420061025847
671569,14059412,0.46642544302793665,-0.30277883165089237,2.1588461353064177,69798327913.91962,16268309.0,0.4674313196002612,-0.29986208540986037,2.5230150338914408
2880487,16268330,0.46788596087442236,-0.2981116057398655,2.5230529384742137,2358017078.1313324,16268309.0,0.4674313196002612,-0.29986208540986037,2.5230150338914408
3844806,17232649,0.464971786636466,-0.3029014069697413,2.720135007539037,2011256975.931491,16268309.0,0.4674313196002612,-0.29986208540986037,2.5230150338914408
4923693,18311536,0.46985267209149884,-0.2965163877938367,2.802868838533743,1113934732.375786,16268309.0,0.4674313196002612,-0.29986208540986037,2.5230150338914408
5013335,18401178,0.32246462680536847,0.46588824024401077,2.883635343999811,8001897344.798957,18401165.0,0.3246758382845861,0.46540001360543803,2.883700172716027
5013342,18401185,0.32799014205228993,0.466694867475259,2.883593965351132,22876022280.297447,18401165.0,0.3246758382845861,0.46540001360543803,2.883700172716027
5343926,18731769,0.3268535583679496,0.46199223105484155,3.1308183461948094,2402488906.42917,18401165.0,0.3246758382845861,0.46540001360543803,2.883700172716027
7279992,20667835,0.32135211225813787,0.4631236440919356,3.37228066387066,1021615719.7172544,18401165.0,0.3246758382845861,0.46540001360543803,2.883700172716027
671978,14059821,0.41818927520521176,-0.33112853255219044,2.1599304977328093,4607570356.599072,14059797.0,0.4170219434849268,-0.3294793674285983,2.1598606059847687
672004,14059847,0.41542654564087156,-0.3269828352315335,2.159856631599516,5123270143.450809,14059797.0,0.4170219434849268,-0.3294793674285983,2.1598606059847687
1144511,14532354,0.4150979248336456,-0.3277489486023225,2.188168139693034,2765295922.2882867,14059797.0,0.4170219434849268,-0.3294793674285983,2.1598606059847687
1399403,14787246,-0.3459308769459183,-0.10365458880749528,2.23811615817316,1588113280.6378994,14787203.0,-0.3443486341314878,-0.1034997525201668,2.237931781500108
2053909,15441752,-0.34766428202900357,-0.10381648321895742,2.2750462368125914,1038468138.34517,14787203.0,-0.3443486341314878,-0.1034997525201668,2.237931781500108
3827759,17215602,-0.34556889552605075,-0.10249314362576162,2.6592932526968784,11712818356.91316,14787203.0,-0.3443486341314878,-0.1034997525201668,2.237931781500108
3827773,17215616,-0.34570799855278145,-0.10236334829995136,2.6592651495552166,1277843068.1207294,14787203.0,-0.3443486341314878,-0.1034997525201668,2.237931781500108
3419004,16806847,0.15838076418463798,0.4839434579030256,2.570194451810804,1441408685.3964605,16806826.0,0.1590209394035188,0.48555437493815756,2.570208700479024
3419037,16806880,0.15910201663796086,0.48839069506987476,2.570396508709311,3076152284.58254,16806826.0,0.1590209394035188,0.48555437493815756,2.570208700479024
3419043,16806886,0.1610303234369017,0.48614400836309435,2.570221539724073,1034579292.1540564,16806826.0,0.1590209394035188,0.48555437493815756,2.570208700479024
4438171,17826014,0.15596143001800888,0.4862816824448498,2.8179100027332336,1549740397.7924616,16806826.0,0.1590209394035188,0.48555437493815756,2.570208700479024
5706503,19094346,0.15610221025892945,0.4872346448281708,3.0385420437542714,5508697022.823343,16806826.0,0.1590209394035188,0.48555437493815756,2.570208700479024
5706511,19094354,0.1568592655982053,0.4870273606541382,3.0384337385757303,2045247783.03593,16806826.0,0.1590209394035188,0.48555437493815756,2.570208700479024
5706520,19094363,0.1591767674639094,0.4868934294238604,3.0382649381491804,1087952848.2596123,16806826.0,0.1590209394035188,0.48555437493815756,2.570208700479024
361179,13749022,0.23722850511542626,-0.48589059910149024,2.0469906483060893,23222854305.64745,15635451.0,0.23622825154762794,-0.48803756889176586,2.4148130683946536
1210274,14598117,0.23516249731876582,-0.48403826942337014,2.126473924647141,1934842080.5910513,15635451.0,0.23622825154762794,-0.48803756889176586,2.4148130683946536
2247616,15635459,0.23882951135737407,-0.4902491821436985,2.414914178614526,18533523310.62481,15635451.0,0.23622825154762794,-0.48803756889176586,2.4148130683946536
2247628,15635471,0.23584088358098387,-0.4858992571846854,2.414827022561788,1070682319.6010413,15635451.0,0.23622825154762794,-0.48803756889176586,2.4148130683946536
2999144,16386987,0.4661402443206384,0.3191741417333702,2.4984089874902917,2132028487.1682997,18035708.0,0.4686232250473892,0.31862601999498774,2.9144266095611657
5556180,18944023,0.4699743608014002,0.3212606732095479,3.074699116031496,2006330831.986569,18035708.0,0.4686232250473892,0.31862601999498774,2.9144266095611657
6011206,19399049,0.47103674268541085,0.31962361201706735,3.1318095517717675,4171523370.8747115,18035708.0,0.4686232250473892,0.31862601999498774,2.9144266095611657
6011212,19399055,0.4708527589830416,0.32020690398213325,3.131998272935973,1172234136.3366678,18035708.0,0.4686232250473892,0.31862601999498774,2.9144266095611657
7281468,20669311,0.4653390514295772,0.3201839995984991,3.364745203164265,2268719989.164883,18035708.0,0.4686232250473892,0.31862601999498774,2.9144266095611657
2996131,16383974,-0.12563042322304852,-0.30327149452671126,2.4859264355059327,2871845860.821885,14573191.0,-0.1264946177069004,-0.30622368740475947,2.1371473847239884
576398,13964241,0.2568181071530823,0.20002158826603278,2.0975867380524376,12443549647.379322,15395574.0,0.2588610760607043,0.20018331115264032,2.2591176395688533
1203817,14591660,0.26087978071024276,0.20070561764928208,2.1241246028971625,10177802928.248016,15395574.0,0.2588610760607043,0.20018331115264032,2.2591176395688533
2007745,15395588,0.2581450950593466,0.19926122460769846,2.2589982341321493,1630568061.6739566,15395574.0,0.2588610760607043,0.20018331115264032,2.2591176395688533
3307716,16695559,0.26292680743624264,0.20032350941418908,2.5412715428110486,2516893450.967875,15395574.0,0.2588610760607043,0.20018331115264032,2.2591176395688533
754220,14142063,0.26580232086104194,0.3143489468788553,2.204295402464139,2448038758.4442945,14150024.0,0.26559073364671204,0.31204106088213,2.206503690295889
762184,14150027,0.2651407327793892,0.30916275966650586,2.2063511682667287,1102882813.4458783,14150024.0,0.26559073364671204,0.31204106088213,2.206503690295889
762260,14150103,0.26196281335040006,0.31011877374782626,2.206572918947055,2700703126.776436,14150024.0,0.26559073364671204,0.31204106088213,2.206503690295889
2484533,15872376,0.2662422455208865,0.3142370387531176,2.41892203170228,1119139644.3483152,14150024.0,0.26559073364671204,0.31204106088213,2.206503690295889
2484551,15872394,0.2654908094395707,0.31469717646853457,2.4194648066752653,1294349030.4041164,14150024.0,0.26559073364671204,0.31204106088213,2.206503690295889
2087123,15474966,-0.4915323686469254,-0.20397627196666313,2.3485674485790926,1055569586.9046484,15595115.0,-0.4914183927597355,-0.20332022299647018,2.3992665882825834
2207340,15595183,-0.49190117576832754,-0.2035106100157031,2.3993505942949747,2166365387.854496,15595115.0,-0.4914183927597355,-0.20332022299647018,2.3992665882825834
2652316,16040159,-0.49064448274856143,-0.19977918418423263,2.3808274599639394,2206405593.9160166,15595115.0,-0.4914183927597355,-0.20332022299647018,2.3992665882825834
497493,13885336,-0.05161365917582922,0.15783391441492411,2.08113354128524,1079676857.724696,15114071.0,-0.0506376589683637,0.15602531794200736,2.331731794237297
1726265,15114108,-0.05228810695204533,0.15414583491536693,2.3311977222504647,1037984038.1387484,15114071.0,-0.0506376589683637,0.15602531794200736,2.331731794237297
994930,14382773,-0.04037386225450851,-0.30797684982945017,2.117260361615576,8482068374.546684,16385118.0,-0.042050427566817816,-0.3116123969409247,2.4843794797360133
2451709,15839552,-0.03888112652514292,-0.31175725266562565,2.356393893329019,1785984961.797053,16385118.0,-0.042050427566817816,-0.3116123969409247,2.4843794797360133
2997273,16385116,-0.04296130955474259,-0.3117827123729068,2.4843626523554407,74920852763.51947,16385118.0,-0.042050427566817816,-0.3116123969409247,2.4843794797360133
2997274,16385117,-0.042043409903363416,-0.31162225901216095,2.484380565411375,7693889917.212179,16385118.0,-0.042050427566817816,-0.3116123969409247,2.4843794797360133
3590298,16978141,-0.04160142858849408,-0.3146909471209537,2.6303451847220964,1380125040.7777576,16385118.0,-0.042050427566817816,-0.3116123969409247,2.4843794797360133
326656,13714499,0.35714215727824494,0.0022578748275459137,2.059015406584611,3926450033.2302575,13714498.0,0.35656105419987016,0.0023858403306658005,2.0590211213342786
338071,13725914,0.35747733964033634,0.0028316611315495344,2.053704282139847,20440105018.784966,13714498.0,0.35656105419987016,0.0023858403306658005,2.0590211213342786
497388,13885231,-0.0660765888932679,0.10373887898536349,2.0750614955947624,1594662362.3876374,16136596.0,-0.0663049262006955,0.10718801574201031,2.4391578269745247
1739338,15127181,-0.06549194732124952,0.1077557840609712,2.330649136518298,1247193416.1063442,16136596.0,-0.0663049262006955,0.10718801574201031,2.4391578269745247
2748781,16136624,-0.06594425759212519,0.1090558066469528,2.4392404236104017,3356693524.0099473,16136596.0,-0.0663049262006955,0.10718801574201031,2.4391578269745247
2748815,16136658,-0.06528700765171908,0.1046471176060817,2.4388679756131584,9464109042.023094,16136596.0,-0.0663049262006955,0.10718801574201031,2.4391578269745247
400359,13788202,-0.21680156836381292,-0.3556962126843549,2.06099982732145,1125012007.453086,13788201.0,-0.21686971373835617,-0.35574087431337453,2.0609984074204912
400371,13788214,-0.2172025108771271,-0.35538542305959436,2.0609923538364314,5380788236.250557,13788201.0,-0.21686971373835617,-0.35574087431337453,2.0609984074204912
2225897,15613740,-0.21770408157763715,-0.35181479079566674,2.408797366280745,6068153291.095874,13788201.0,-0.21686971373835617,-0.35574087431337453,2.0609984074204912
910698,14298541,0.44004997772167675,-0.2650217244015397,2.152516633141824,1042793939.0656091,16821045.0,0.43659094498159357,-0.2656293045964263,2.587160796520143
1143766,14531609,0.4395266630390654,-0.26745883224748757,2.1948592005858245,3137674346.7390733,16821045.0,0.43659094498159357,-0.2656293045964263,2.587160796520143
2101489,15489332,0.43946206616350403,-0.2650648356033287,2.3478794961346288,1038242872.9563308,16821045.0,0.43659094498159357,-0.2656293045964263,2.587160796520143
3433203,16821046,0.4372586879825672,-0.2655354341143787,2.587126647234751,5953688239.93976,16821045.0,0.43659094498159357,-0.2656293045964263,2.587160796520143
3433208,16821051,0.43685753222982937,-0.2654847411817929,2.5871256416556685,6547314573.550199,16821045.0,0.43659094498159357,-0.2656293045964263,2.587160796520143
3550785,16938628,0.4378923163670292,-0.2668138415030753,2.615896425071599,1319958563.431045,16821045.0,0.43659094498159357,-0.2656293045964263,2.587160796520143
4740007,18127850,0.4369081623488238,-0.26557162316145855,2.850959913476621,1880809091.8491917,16821045.0,0.43659094498159357,-0.2656293045964263,2.587160796520143
2518833,15906676,0.05723079355666694,0.09676367282260656,2.427714577958937,7556848998.683412,15906675.0,0.05787227401430062,0.09734565656583882,2.4277068305708136
2518835,15906678,0.05810213598776259,0.09723659343952362,2.4277014672384256,1190588198.0037389,15906675.0,0.05787227401430062,0.09734565656583882,2.4277068305708136
2518850,15906693,0.05829584673155919,0.09736285045788351,2.427759970485305,1147256638.4822717,15906675.0,0.05787227401430062,0.09734565656583882,2.4277068305708136
2518854,15906697,0.0578014162965661,0.0981030155509166,2.4276526452530804,1322454678.421658,15906675.0,0.05787227401430062,0.09734565656583882,2.4277068305708136
2518856,15906699,0.057249006043082695,0.09674487395780651,2.4277152204451182,10078215308.447844,15906675.0,0.05787227401430062,0.09734565656583882,2.4277068305708136
2518872,15906715,0.05784229297448629,0.09732094285613135,2.4273975251797664,1310613876.352424,15906675.0,0.05787227401430062,0.09734565656583882,2.4277068305708136
2518874,15906717,0.05921334851839677,0.09857827413295206,2.42751023515491,1164096431.169644,15906675.0,0.05787227401430062,0.09734565656583882,2.4277068305708136
2519184,15907027,0.055707785639664165,0.09778090373117287,2.426158735763797,2429656590.3763547,15906675.0,0.05787227401430062,0.09734565656583882,2.4277068305708136
2520031,15907874,0.054638292121286125,0.09771649247368142,2.425280723187458,1911170090.1962802,15906675.0,0.05787227401430062,0.09734565656583882,2.4277068305708136
8222385,21610228,0.13528804906146052,-0.10844476147602372,3.6708991008226497,1564910761.4085517,21610207.0,0.1346198891979581,-0.10777264676028031,3.6708216746553184
8222430,21610273,0.1351221274791864,-0.11020904735682768,3.6713302003601047,2777375350.389151,21610207.0,0.1346198891979581,-0.10777264676028031,3.6708216746553184
1499267,14887110,-0.42337133793001747,0.24719774307035525,2.2309296523624123,5957255373.678104,13940856.0,-0.42316197536554967,0.2455362502117725,2.080875896631699
1906142,15293985,-0.1676147508326029,0.0439308173497025,2.285310879264172,1826967325.6485689,15293928.0,-0.1652540712542792,0.04422489701472243,2.2860595885153163
2326413,15714256,-0.16130167629958558,0.04333696180743163,2.4787587209904007,1047137918.1130153,15293928.0,-0.1652540712542792,0.04422489701472243,2.2860595885153163
6030091,19417934,-0.1407944703488297,-0.45995483783908997,3.142372277666852,7085577011.873654,20768016.0,-0.13867252082372988,-0.45934837077065366,3.452931941253373
6228425,19616268,-0.13709872997391181,-0.460431742440944,3.312433608510465,9273425654.437208,20768016.0,-0.13867252082372988,-0.45934837077065366,3.452931941253373
6541107,19928950,-0.1399804988880361,-0.45764001625459916,3.274863407920128,9345041060.323215,20768016.0,-0.13867252082372988,-0.45934837077065366,3.452931941253373
6541124,19928967,-0.1399319310559638,-0.45789984636432496,3.2749860580240764,1644675904.2787144,20768016.0,-0.13867252082372988,-0.45934837077065366,3.452931941253373
6541129,19928972,-0.13565359615923495,-0.4569457942671199,3.274981544747852,11387936086.738874,20768016.0,-0.13867252082372988,-0.45934837077065366,3.452931941253373
6541144,19928987,-0.1356532626081044,-0.456764993259953,3.2749929299705243,4025564111.8763757,20768016.0,-0.13867252082372988,-0.45934837077065366,3.452931941253373
7380174,20768017,-0.13881969056682503,-0.4589803680829871,3.452941971456522,1166021103.906271,20768016.0,-0.13867252082372988,-0.45934837077065366,3.452931941253373
7380175,20768018,-0.13835353439600728,-0.4600363358687289,3.4529309052418733,10414070984.978838,20768016.0,-0.13867252082372988,-0.45934837077065366,3.452931941253373
7380189,20768032,-0.13483835442759728,-0.4605401164235393,3.4530937915970727,1233349218.9453464,20768016.0,-0.13867252082372988,-0.45934837077065366,3.452931941253373
997908,14385751,0.1030155637529625,0.23906523670578916,2.103796157247331,1803949063.0230489,14385748.0,0.10380461797499785,0.23800292111082055,2.103502137321424
2269435,15657278,0.26637863287993213,0.379519089536864,2.4712854464440475,1034261720.614382,15657264.0,0.26577212242448833,0.37949788380590077,2.471289127257199
2269443,15657286,0.2663125145637494,0.37928675090214037,2.4713102667898856,22448861178.50606,15657264.0,0.26577212242448833,0.37949788380590077,2.471289127257199
2371107,15758950,0.26506814520913224,0.3793891873497456,2.364912438522461,1464834849.5090432,15657264.0,0.26577212242448833,0.37949788380590077,2.471289127257199
8054670,21442513,-0.3593686623998016,-0.4468203455583493,3.6467986057685566,3719973026.470022,21442505.0,-0.360166130182931,-0.44711736601357477,3.64694356819996
8054698,21442541,-0.35833311527694733,-0.44343515964169966,3.6467275236498384,8671417987.945911,21442505.0,-0.360166130182931,-0.44711736601357477,3.64694356819996
9355904,22743747,-0.36171471071719963,-0.4471339890294432,4.095726332841562,2433596921.1559834,21442505.0,-0.360166130182931,-0.44711736601357477,3.64694356819996
9355948,22743791,-0.35923292988859434,-0.44764946971565367,4.096313284503997,1536430326.0751185,21442505.0,-0.360166130182931,-0.44711736601357477,3.64694356819996
7070014,20457857,-0.09583987980858227,-0.3706777250000627,3.490147146751839,2738905099.2480073,20457843.0,-0.09539470392955313,-0.3705403504542041,3.490086686271261
1777402,15165245,-0.1951903229967339,-0.1265502902029509,2.331126054472948,1259110496.7658317,15165220.0,-0.19445090935519488,-0.1262349892855244,2.3310975054237737
1778401,15166244,-0.19206103204337677,-0.12915693705076614,2.328640082513615,6907058776.969998,15165220.0,-0.19445090935519488,-0.1262349892855244,2.3310975054237737
2078609,15466452,-0.19516511294804578,-0.12489474211924739,2.346965300495497,3864951204.536386,15165220.0,-0.19445090935519488,-0.1262349892855244,2.3310975054237737
3513964,16901807,-0.1949151786699883,-0.12577197861973494,2.5866745278006373,1214722030.60132,15165220.0,-0.19445090935519488,-0.1262349892855244,2.3310975054237737
3529955,16917798,-0.196568006758511,-0.1293390343295338,2.6135961861925296,1693318589.013863,15165220.0,-0.19445090935519488,-0.1262349892855244,2.3310975054237737
4241265,17629108,-0.19686640494722252,-0.1286564825859895,2.7737691064475745,19136450700.681446,15165220.0,-0.19445090935519488,-0.1262349892855244,2.3310975054237737
917874,14305717,0.44490266767657916,0.11476375589240861,2.1483083185984366,21000228866.89313,13439980.0,0.44171870468897945,0.1136029943459188,2.0305361821245063
747388,14135231,-0.0919123267397341,0.2622126548628234,2.211835669477813,2438839050.962245,15531983.0,-0.09068774560371334,0.25825327780293417,2.4018327309099874
5958834,19346677,0.36531935078267497,0.24587729102125333,3.305881955815023,3018343002.080208,19346666.0,0.3654029228324285,0.24600397500996707,3.3063511589879977
7648955,21036798,0.3647996748275396,0.24416686263118048,3.52946808721039,1963436470.58816,19346666.0,0.3654029228324285,0.24600397500996707,3.3063511589879977
8272137,21659980,0.3650205512064105,0.2477686339326186,3.6646597184779353,7570765711.703777,19346666.0,0.3654029228324285,0.24600397500996707,3.3063511589879977
8272144,21659987,0.36506249559272064,0.24794012020777556,3.664641379282584,1605176289.7399082,19346666.0,0.3654029228324285,0.24600397500996707,3.3063511589879977
3058830,16446673,0.17337230716431673,-0.08061702639031187,2.4921158058475634,23417045755.203697,16446662.0,0.17129201345166334,-0.0816008851576368,2.492031686266245
3058833,16446676,0.17183673923527376,-0.08030127527722464,2.492160515640576,6511429941.000343,16446662.0,0.17129201345166334,-0.0816008851576368,2.492031686266245
3058840,16446683,0.17205045391049323,-0.08051751688196102,2.4921087050319723,1034592930.5770427,16446662.0,0.17129201345166334,-0.0816008851576368,2.492031686266245
2529420,15917263,0.4060544657759634,0.03298509047908649,2.427517720218248,1013254582.5914589,18458095.0,0.4083684324985216,0.03319167620227259,2.8661298178528796
3546764,16934607,0.4096273965807886,0.03495240674333633,2.6273960104341594,1970356971.327112,18458095.0,0.4083684324985216,0.03319167620227259,2.8661298178528796
3822188,17210031,-0.10789437558100767,-0.06751056627458363,2.6755437582175463,1023252296.4467262,18693440.0,-0.11097619297045136,-0.06775571323053547,3.1169677768253234
3822190,17210033,-0.10946787755511478,-0.06435872458749847,2.675890171996325,3643246346.383499,18693440.0,-0.11097619297045136,-0.06775571323053547,3.1169677768253234
3822210,17210053,-0.1089108809190843,-0.07073351490552388,2.675132324630796,4259031050.742481,18693440.0,-0.11097619297045136,-0.06775571323053547,3.1169677768253234
5305600,18693443,-0.11148854575349437,-0.06841795844204568,3.1168747415581874,6604302457.014038,18693440.0,-0.11097619297045136,-0.06775571323053547,3.1169677768253234
5305603,18693446,-0.11058010963903991,-0.06778517000326839,3.117093511730717,1192938872.3468297,18693440.0,-0.11097619297045136,-0.06775571323053547,3.1169677768253234
5305632,18693475,-0.11177591703072592,-0.0698846188004067,3.116811342038698,1648066316.625803,18693440.0,-0.11097619297045136,-0.06775571323053547,3.1169677768253234
5305638,18693481,-0.10760083360361172,-0.06891624059331353,3.117263105786848,2371953532.684112,18693440.0,-0.11097619297045136,-0.06775571323053547,3.1169677768253234
7133508,20521351,-0.10785656171014879,-0.06762420079047121,3.4930852333859015,4236543045.9631824,18693440.0,-0.11097619297045136,-0.06775571323053547,3.1169677768253234
7133515,20521358,-0.10755611549904848,-0.067388333701761,3.4930757709905387,1798906223.6408648,18693440.0,-0.11097619297045136,-0.06775571323053547,3.1169677768253234
689811,14077654,0.31687890565963384,-0.42545493374368487,2.173432340584657,4507194952.217083,16219759.0,0.3152844980381758,-0.4269342959263316,2.448758255804432
2831925,16219768,0.3140481261994753,-0.4277531072648214,2.448809892024534,6922060466.243122,16219759.0,0.3152844980381758,-0.4269342959263316,2.448758255804432
2831935,16219778,0.3140005931853461,-0.42770898298129506,2.4488120691245707,1146165895.2084808,16219759.0,0.3152844980381758,-0.4269342959263316,2.448758255804432
3427242,16815085,0.3127823504189182,-0.4259803135893229,2.574400167525832,3234178900.2111516,16219759.0,0.3152844980381758,-0.4269342959263316,2.448758255804432
4184502,17572345,0.3150839311693633,-0.4234267865244335,2.7833889420900517,2218574164.151483,16219759.0,0.3152844980381758,-0.4269342959263316,2.448758255804432
4186107,17573950,0.31820160949970433,-0.42978148785265397,2.782852921853664,3648889291.0743546,16219759.0,0.3152844980381758,-0.4269342959263316,2.448758255804432
4909462,18297305,0.3138193417199523,-0.4304709900261752,2.810169187838909,1242248202.436843,16219759.0,0.3152844980381758,-0.4269342959263316,2.448758255804432
815587,14203430,0.40543604070411643,-0.4419640214308136,2.2086800696298576,2923383902.056298,14203383.0,0.40271631567658783,-0.44215620449951026,2.2088141144917013
1312879,14700722,0.4005068802086721,-0.4418550138505462,2.241907517343705,2355088059.867337,14203383.0,0.40271631567658783,-0.44215620449951026,2.2088141144917013
3599002,16986845,0.13501393368532355,-0.4017411714621436,2.621427198127789,1433945399.7997534,18773442.0,0.13652388666048287,-0.40446376732212763,3.1006730551588286
3643848,17031691,0.13681270951714675,-0.40847588043002003,2.738928984367328,1451348495.453669,18773442.0,0.13652388666048287,-0.40446376732212763,3.1006730551588286
5385607,18773450,0.13760867315792846,-0.4052243941051149,3.1004713987714934,7458276451.199473,18773442.0,0.13652388666048287,-0.40446376732212763,3.1006730551588286
7476028,20863871,0.13565377297531656,-0.4074679970361105,3.595701897975549,2115577019.8766344,18773442.0,0.13652388666048287,-0.40446376732212763,3.1006730551588286
7476926,20864769,0.13338135330326206,-0.40180716580473386,3.593161141338613,2427736270.6312947,18773442.0,0.13652388666048287,-0.40446376732212763,3.1006730551588286
3653071,17040914,0.2935266151296567,0.4686048774589826,2.7404378650488743,3919679526.5812554,17040883.0,0.29372301882554064,0.4686129311805268,2.7403946453103574
3653122,17040965,0.29722623007740645,0.4672306760999504,2.740055066348533,15634902413.658615,17040883.0,0.29372301882554064,0.4686129311805268,2.7403946453103574
5804294,19192137,0.29205991271006326,0.46734386487709156,3.0056314307404546,2288392558.747207,17040883.0,0.29372301882554064,0.4686129311805268,2.7403946453103574
5805171,19193014,0.290962838356596,0.46710076282975843,3.0079410151617765,2224168068.745408,17040883.0,0.29372301882554064,0.4686129311805268,2.7403946453103574
76617,13317923,-0.3374529589963551,0.3136758601193843,2.018091052538886,11665990697.790075,13317915.0,-0.3380683665147597,0.31316457650112517,2.018097446879602
4481666,17869509,-0.3874822359195513,-0.22211962312327982,2.9499601148782184,26115079736.74438,17869501.0,-0.3865949799905234,-0.2238284281552239,2.950034471216523
4481680,17869523,-0.38664674182858083,-0.2231015594852342,2.9499040585329377,3382322346.5503454,17869501.0,-0.3865949799905234,-0.2238284281552239,2.950034471216523
4482014,17869857,-0.3836920628421633,-0.22371203796171335,2.9463117794693305,3727743703.543503,17869501.0,-0.3865949799905234,-0.2238284281552239,2.950034471216523
4484562,17872405,-0.3869904155195595,-0.2222488778927969,2.9481167181589685,1314794225.9349804,17869501.0,-0.3865949799905234,-0.2238284281552239,2.950034471216523
5549906,18937749,-0.3899179359264417,-0.2237252448815139,2.978305583611692,3871417858.836351,17869501.0,-0.3865949799905234,-0.2238284281552239,2.950034471216523
5805860,19193703,0.11964417859143184,0.4684394380839746,3.0056998890066677,1022922956.5595647,19193694.0,0.11977166711963705,0.46833850924684084,3.00573487291234
5805861,19193704,0.12050943437971584,0.4688351365024922,3.0057441065482573,1497173852.8079953,19193694.0,0.11977166711963705,0.46833850924684084,3.00573487291234
5805882,19193725,0.1196308677368153,0.46887667828194124,3.005741996544649,1693804408.1302843,19193694.0,0.11977166711963705,0.46833850924684084,3.00573487291234
5805924,19193767,0.1193634482509014,0.4696863484282612,3.0056276659558465,10730980572.091719,19193694.0,0.11977166711963705,0.46833850924684084,3.00573487291234
5805930,19193773,0.11964523867358956,0.46900384160008857,3.0056515615819515,1316063279.5695748,19193694.0,0.11977166711963705,0.46833850924684084,3.00573487291234
5805998,19193841,0.11826033958266047,0.4701344491614048,3.0077136096609998,3484535893.128068,19193694.0,0.11977166711963705,0.46833850924684084,3.00573487291234
9874723,23262566,0.47188124404416243,-0.49366580476012784,4.015361772138825,3893241841.736624,24089455.0,0.4684810288762198,-0.49577979544219797,4.216827547820769
9874730,23262573,0.472165615013428,-0.49637728908371587,4.016135450834762,4349315728.067772,24089455.0,0.4684810288762198,-0.49577979544219797,4.216827547820769
9923614,23311457,0.46818969745854877,-0.49954425455694423,4.020332508237897,1132762467.8421519,24089455.0,0.4684810288762198,-0.49577979544219797,4.216827547820769
9923818,23311661,0.4671031367668904,-0.4966752923513536,4.0297856211473055,1891980756.9592478,24089455.0,0.4684810288762198,-0.49577979544219797,4.216827547820769
10701618,24089461,0.4691278799785662,-0.49550826708296863,4.216868626105272,1975883901.3500059,24089455.0,0.4684810288762198,-0.49577979544219797,4.216827547820769
10701621,24089464,0.4688272491592428,-0.49564637438915904,4.216907699018038,8219963989.005153,24089455.0,0.4684810288762198,-0.49577979544219797,4.216827547820769
1556544,14944387,-0.416878105939952,-0.17734184177574047,2.3035771854767573,3845071869.112493,17442997.0,-0.4166209920087446,-0.17987256295662468,2.7618442666787564
1664308,15052151,-0.41922714868492833,-0.17918831012806502,2.295823614941076,1081429714.5873315,17442997.0,-0.4166209920087446,-0.17987256295662468,2.7618442666787564
4449215,17837058,-0.4152886237844794,-0.18060777714831694,2.822505704612374,2137386169.4916503,17442997.0,-0.4166209920087446,-0.17987256295662468,2.7618442666787564
673761,14061604,0.38910048616162407,-0.21234516891888555,2.1586870661454616,6002589895.403526,14061545.0,0.39168094184961466,-0.21479500208262442,2.1587543152020134
1831245,15219088,0.39072016853328506,-0.21431296511540815,2.279234480280342,4904592182.565343,14061545.0,0.39168094184961466,-0.21479500208262442,2.1587543152020134
3493207,16881050,0.3900648010660226,-0.21595315762700767,2.578072593298576,2793145127.6552854,14061545.0,0.39168094184961466,-0.21479500208262442,2.1587543152020134
3493222,16881065,0.38940988294599876,-0.21470239578078898,2.577997926040513,4780911177.276998,14061545.0,0.39168094184961466,-0.21479500208262442,2.1587543152020134
3493223,16881066,0.3903622736878265,-0.21608133564855464,2.5781221354119763,12099358962.67242,14061545.0,0.39168094184961466,-0.21479500208262442,2.1587543152020134
1423793,14811636,-0.4485161954706444,-0.0580169442570061,2.251605842974421,6941124718.159329,15436547.0,-0.44624276632760657,-0.0590267196148998,2.257438655615972
1423808,14811651,-0.4474883475359726,-0.056742640224930085,2.2514130259897884,7144321838.404358,15436547.0,-0.44624276632760657,-0.0590267196148998,2.257438655615972
1423876,14811719,-0.4460974577040979,-0.05748188696082618,2.2526277663278846,4361458782.4481535,15436547.0,-0.44624276632760657,-0.0590267196148998,2.257438655615972
1425649,14813492,-0.4435560068816451,-0.0567102388230889,2.2533455625777368,3509152260.169821,15436547.0,-0.44624276632760657,-0.0590267196148998,2.257438655615972
2048709,15436552,-0.4449259122274954,-0.05811724323818418,2.257583077034864,10963936284.072777,15436547.0,-0.44624276632760657,-0.0590267196148998,2.257438655615972
2048711,15436554,-0.44625049956141316,-0.05900419132328688,2.257399557579436,1571056485.8144717,15436547.0,-0.44624276632760657,-0.0590267196148998,2.257438655615972
2048714,15436557,-0.44457860626177553,-0.058184133958560424,2.257561999543131,1478031447.2008376,15436547.0,-0.44624276632760657,-0.0590267196148998,2.257438655615972
3118556,16506399,-0.44907173924234944,-0.05709092360438428,2.5916601350760824,1933662303.362149,15436547.0,-0.44624276632760657,-0.0590267196148998,2.257438655615972
4782074,18169917,0.441896632477072,0.4576811442657308,2.841068245836923,3945900008.9390187,18349392.0,0.44569535506513236,0.4567186149081762,2.799547715606104
4961561,18349404,0.44465792907832624,0.45713704691912316,2.799307252926986,1649014071.8829055,18349392.0,0.44569535506513236,0.4567186149081762,2.799547715606104
6011255,19399098,0.447075777497562,0.45406004568883884,3.1320359127394504,1910012971.922281,18349392.0,0.44569535506513236,0.4567186149081762,2.799547715606104
3038738,16426581,0.06721574888813386,0.43144561235101275,2.499588755048055,10428923705.331915,16426579.0,0.0688340934644519,0.4332285789540412,2.4994604785579235
3038739,16426582,0.06899534451235079,0.4343193635631558,2.4994456240365355,3219762465.4096007,16426579.0,0.0688340934644519,0.4332285789540412,2.4994604785579235
11255559,24643402,-0.10737576327455128,-0.33534056293019665,4.682645114383766,1024373721.0429871,25156450.0,-0.10956872587542121,-0.33225591979529945,4.999669853458906
11508280,24896123,-0.1134025057991993,-0.3313295918252468,4.5192103432466055,1503975361.1064804,25156450.0,-0.10956872587542121,-0.33225591979529945,4.999669853458906
11733997,25156453,-0.10910490894397312,-0.3323829144410093,4.999950756200344,1182672625.809986,25156450.0,-0.10956872587542121,-0.33225591979529945,4.999669853458906
