id,ra,dec,tile,chi2_max,mode,obs_f814w,snr_f814w,wht_f814w,f_auto_f814w,e_auto_f814w,m_auto_f814w,f_seg_f814w,e_seg_f814w,m_seg_f814w,f_aper_f814w,e_aper_f814w,m_aper_f814w,obs_f115w,snr_f115w,wht_f115w,f_auto_f115w,e_auto_f115w,m_auto_f115w,f_seg_f115w,e_seg_f115w,m_seg_f115w,f_aper_f115w,e_aper_f115w,m_aper_f115w,obs_f150w,snr_f150w,wht_f150w,f_auto_f150w,e_auto_f150w,m_auto_f150w,f_seg_f150w,e_seg_f150w,m_seg_f150w,f_aper_f150w,e_aper_f150w,m_aper_f150w,obs_f277w,snr_f277w,wht_f277w,f_auto_f277w,e_auto_f277w,m_auto_f277w,f_seg_f277w,e_seg_f277w,m_seg_f277w,f_aper_f277w,e_aper_f277w,m_aper_f277w,obs_f444w,snr_f444w,wht_f444w,f_auto_f444w,e_auto_f444w,m_auto_f444w,f_seg_f444w,e_seg_f444w,m_seg_f444w,f_aper_f444w,e_aper_f444w,m_aper_f444w,obs_f770w,snr_f770w,wht_f770w,f_auto_f770w,e_auto_f770w,m_auto_f770w,f_seg_f770w,e_seg_f770w,m_seg_f770w,f_aper_f770w,e_aper_f770w,m_aper_f770w,in_spec,id_spec,match_radius_spec,z_spec,flag_spec,in_sepp,id_sepp,match_radius_sepp,f_sepp_model_hsc_g,e_sepp_model_hsc_g,f_sepp_model_hsc_r,e_sepp_model_hsc_r,f_sepp_model_hsc_i,e_sepp_model_hsc_i,f_sepp_model_hsc_z,e_sepp_model_hsc_z,f_sepp_model_hsc_y,e_sepp_model_hsc_y,f_sepp_model_uvista_Y,e_sepp_model_uvista_Y,f_sepp_model_uvista_J,e_sepp_model_uvista_J,f_sepp_model_uvista_H,e_sepp_model_uvista_H,f_sepp_model_uvista_Ks,e_sepp_model_uvista_Ks,f_sepp_model_f814w,e_sepp_model_f814w,f_sepp_model_f115w,e_sepp_model_f115w,f_sepp_model_f150w,e_sepp_model_f150w,f_sepp_model_f277w,e_sepp_model_f277w,f_sepp_model_f444w,e_sepp_model_f444w,f_sepp_model_f770w,e_sepp_model_f770w,in_primer,id_primer,match_radius_primer,f_primer_auto_f606w,e_primer_auto_f606w,f_primer_auto_f814w,e_primer_auto_f814w,f_primer_auto_f090w,e_primer_auto_f090w,f_primer_auto_f115w,e_primer_auto_f115w,f_primer_auto_f150w,e_primer_auto_f150w,f_primer_auto_f200w,e_primer_auto_f200w,f_primer_auto_f277w,e_primer_auto_f277w,f_primer_auto_f356w,e_primer_auto_f356w,f_primer_auto_f410m,e_primer_auto_f410m,f_primer_auto_f444w,e_primer_auto_f444w,C_f444w,kron_rad,kron_pa,kron1_a,kron1_b,kron1_area,kron2_a,kron2_b,kron2_area,seg_area,kron_corr,seg_corr,kron_f444w_psf_corr,kron_f770w_psf_corr,xtra_kron_corr_f770w,xtra_seg_corr_f770w,RA_DETEC,DEC_DETEC,RA_MODEL,DEC_MODEL,X_TILE,Y_TILE,AREA,RADIUS,RADIUS_err,AXRATIO,AXRATIO_err,SERSIC,SERSIC_err,ANGLE_SERSIC,ANGLE_SERSIC_err,E1,E1_err,E2,E2_err,FMF_CHI2,FMF_STOP_REASON_MODELED,FMF_STOP_REASON_FORCED,MAG_APER_F115W,MAG_APER_F150W,MAG_APER_F277W,MAG_APER_F444W,MAG_APER_HST-F814W,MAG_APER_F770W,MAG_APER_CFHT-u,MAG_APER_HSC-g,MAG_APER_HSC-r,MAG_APER_HSC-i,MAG_APER_HSC-z,MAG_APER_HSC-y,MAG_APER_HSC-NB0816,MAG_APER_HSC-NB0921,MAG_APER_HSC-NB1010,MAG_APER_UVISTA-Y,MAG_APER_UVISTA-J,MAG_APER_UVISTA-H,MAG_APER_UVISTA-Ks,MAG_APER_UVISTA-NB118,MAG_APER_SC-IA484,MAG_APER_SC-IA527,MAG_APER_SC-IA624,MAG_APER_SC-IA679,MAG_APER_SC-IA738,MAG_APER_SC-IA767,MAG_APER_SC-IB427,MAG_APER_SC-IB505,MAG_APER_SC-IB574,MAG_APER_SC-IB709,MAG_APER_SC-IB827,MAG_APER_SC-NB711,MAG_APER_SC-NB816,MAG_APER_IRAC-ch1,MAG_APER_IRAC-ch2,MAG_APER_IRAC-ch3,MAG_APER_IRAC-ch4,MAG_ERR_APER_F115W,MAG_ERR_APER_F150W,MAG_ERR_APER_F277W,MAG_ERR_APER_F444W,MAG_ERR_APER_HST-F814W,MAG_ERR_APER_F770W,MAG_ERR_APER_CFHT-u,MAG_ERR_APER_HSC-g,MAG_ERR_APER_HSC-r,MAG_ERR_APER_HSC-i,MAG_ERR_APER_HSC-z,MAG_ERR_APER_HSC-y,MAG_ERR_APER_HSC-NB0816,MAG_ERR_APER_HSC-NB0921,MAG_ERR_APER_HSC-NB1010,MAG_ERR_APER_UVISTA-Y,MAG_ERR_APER_UVISTA-J,MAG_ERR_APER_UVISTA-H,MAG_ERR_APER_UVISTA-Ks,MAG_ERR_APER_UVISTA-NB118,MAG_ERR_APER_SC-IA484,MAG_ERR_APER_SC-IA527,MAG_ERR_APER_SC-IA624,MAG_ERR_APER_SC-IA679,MAG_ERR_APER_SC-IA738,MAG_ERR_APER_SC-IA767,MAG_ERR_APER_SC-IB427,MAG_ERR_APER_SC-IB505,MAG_ERR_APER_SC-IB574,MAG_ERR_APER_SC-IB709,MAG_ERR_APER_SC-IB827,MAG_ERR_APER_SC-NB711,MAG_ERR_APER_SC-NB816,MAG_ERR_APER_IRAC-ch1,MAG_ERR_APER_IRAC-ch2,MAG_ERR_APER_IRAC-ch3,MAG_ERR_APER_IRAC-ch4,MAG_MODEL_F115W,MAG_MODEL_F150W,MAG_MODEL_F277W,MAG_MODEL_F444W,MAG_MODEL_HST-F814W,MAG_MODEL_F770W,MAG_MODEL_CFHT-u,MAG_MODEL_HSC-g,MAG_MODEL_HSC-r,MAG_MODEL_HSC-i,MAG_MODEL_HSC-z,MAG_MODEL_HSC-y,MAG_MODEL_HSC-NB0816,MAG_MODEL_HSC-NB0921,MAG_MODEL_HSC-NB1010,MAG_MODEL_UVISTA-Y,MAG_MODEL_UVISTA-J,MAG_MODEL_UVISTA-H,MAG_MODEL_UVISTA-Ks,MAG_MODEL_UVISTA-NB118,MAG_MODEL_SC-IA484,MAG_MODEL_SC-IA527,MAG_MODEL_SC-IA624,MAG_MODEL_SC-IA679,MAG_MODEL_SC-IA738,MAG_MODEL_SC-IA767,MAG_MODEL_SC-IB427,MAG_MODEL_SC-IB505,MAG_MODEL_SC-IB574,MAG_MODEL_SC-IB709,MAG_MODEL_SC-IB827,MAG_MODEL_SC-NB711,MAG_MODEL_SC-NB816,MAG_MODEL_IRAC-ch1,MAG_MODEL_IRAC-ch2,MAG_MODEL_IRAC-ch3,MAG_MODEL_IRAC-ch4,MAG_ERR_MODEL_F115W,MAG_ERR_MODEL_F150W,MAG_ERR_MODEL_F277W,MAG_ERR_MODEL_F444W,MAG_ERR_MODEL_HST-F814W,MAG_ERR_MODEL_F770W,MAG_ERR_MODEL_CFHT-u,MAG_ERR_MODEL_HSC-g,MAG_ERR_MODEL_HSC-r,MAG_ERR_MODEL_HSC-i,MAG_ERR_MODEL_HSC-z,MAG_ERR_MODEL_HSC-y,MAG_ERR_MODEL_HSC-NB0816,MAG_ERR_MODEL_HSC-NB0921,MAG_ERR_MODEL_HSC-NB1010,MAG_ERR_MODEL_UVISTA-Y,MAG_ERR_MODEL_UVISTA-J,MAG_ERR_MODEL_UVISTA-H,MAG_ERR_MODEL_UVISTA-Ks,MAG_ERR_MODEL_UVISTA-NB118,MAG_ERR_MODEL_SC-IA484,MAG_ERR_MODEL_SC-IA527,MAG_ERR_MODEL_SC-IA624,MAG_ERR_MODEL_SC-IA679,MAG_ERR_MODEL_SC-IA738,MAG_ERR_MODEL_SC-IA767,MAG_ERR_MODEL_SC-IB427,MAG_ERR_MODEL_SC-IB505,MAG_ERR_MODEL_SC-IB574,MAG_ERR_MODEL_SC-IB709,MAG_ERR_MODEL_SC-IB827,MAG_ERR_MODEL_SC-NB711,MAG_ERR_MODEL_SC-NB816,MAG_ERR_MODEL_IRAC-ch1,MAG_ERR_MODEL_IRAC-ch2,MAG_ERR_MODEL_IRAC-ch3,MAG_ERR_MODEL_IRAC-ch4,FLUX_APER_F115W,FLUX_APER_F150W,FLUX_APER_F277W,FLUX_APER_F444W,FLUX_APER_HST-F814W,FLUX_APER_F770W,FLUX_APER_CFHT-u,FLUX_APER_HSC-g,FLUX_APER_HSC-r,FLUX_APER_HSC-i,FLUX_APER_HSC-z,FLUX_APER_HSC-y,FLUX_APER_HSC-NB0816,FLUX_APER_HSC-NB0921,FLUX_APER_HSC-NB1010,FLUX_APER_UVISTA-Y,FLUX_APER_UVISTA-J,FLUX_APER_UVISTA-H,FLUX_APER_UVISTA-Ks,FLUX_APER_UVISTA-NB118,FLUX_APER_SC-IA484,FLUX_APER_SC-IA527,FLUX_APER_SC-IA624,FLUX_APER_SC-IA679,FLUX_APER_SC-IA738,FLUX_APER_SC-IA767,FLUX_APER_SC-IB427,FLUX_APER_SC-IB505,FLUX_APER_SC-IB574,FLUX_APER_SC-IB709,FLUX_APER_SC-IB827,FLUX_APER_SC-NB711,FLUX_APER_SC-NB816,FLUX_APER_IRAC-ch1,FLUX_APER_IRAC-ch2,FLUX_APER_IRAC-ch3,FLUX_APER_IRAC-ch4,FLUX_ERR_APER_F115W,FLUX_ERR_APER_F150W,FLUX_ERR_APER_F277W,FLUX_ERR_APER_F444W,FLUX_ERR_APER_HST-F814W,FLUX_ERR_APER_F770W,FLUX_ERR_APER_CFHT-u,FLUX_ERR_APER_HSC-g,FLUX_ERR_APER_HSC-r,FLUX_ERR_APER_HSC-i,FLUX_ERR_APER_HSC-z,FLUX_ERR_APER_HSC-y,FLUX_ERR_APER_HSC-NB0816,FLUX_ERR_APER_HSC-NB0921,FLUX_ERR_APER_HSC-NB1010,FLUX_ERR_APER_UVISTA-Y,FLUX_ERR_APER_UVISTA-J,FLUX_ERR_APER_UVISTA-H,FLUX_ERR_APER_UVISTA-Ks,FLUX_ERR_APER_UVISTA-NB118,FLUX_ERR_APER_SC-IA484,FLUX_ERR_APER_SC-IA527,FLUX_ERR_APER_SC-IA624,FLUX_ERR_APER_SC-IA679,FLUX_ERR_APER_SC-IA738,FLUX_ERR_APER_SC-IA767,FLUX_ERR_APER_SC-IB427,FLUX_ERR_APER_SC-IB505,FLUX_ERR_APER_SC-IB574,FLUX_ERR_APER_SC-IB709,FLUX_ERR_APER_SC-IB827,FLUX_ERR_APER_SC-NB711,FLUX_ERR_APER_SC-NB816,FLUX_ERR_APER_IRAC-ch1,FLUX_ERR_APER_IRAC-ch2,FLUX_ERR_APER_IRAC-ch3,FLUX_ERR_APER_IRAC-ch4,FLUX_MODEL_F115W,FLUX_MODEL_F150W,FLUX_MODEL_F277W,FLUX_MODEL_F444W,FLUX_MODEL_HST-F814W,FLUX_MODEL_F770W,FLUX_MODEL_CFHT-u,FLUX_MODEL_HSC-g,FLUX_MODEL_HSC-r,FLUX_MODEL_HSC-i,FLUX_MODEL_HSC-z,FLUX_MODEL_HSC-y,FLUX_MODEL_HSC-NB0816,FLUX_MODEL_HSC-NB0921,FLUX_MODEL_HSC-NB1010,FLUX_MODEL_UVISTA-Y,FLUX_MODEL_UVISTA-J,FLUX_MODEL_UVISTA-H,FLUX_MODEL_UVISTA-Ks,FLUX_MODEL_UVISTA-NB118,FLUX_MODEL_SC-IA484,FLUX_MODEL_SC-IA527,FLUX_MODEL_SC-IA624,FLUX_MODEL_SC-IA679,FLUX_MODEL_SC-IA738,FLUX_MODEL_SC-IA767,FLUX_MODEL_SC-IB427,FLUX_MODEL_SC-IB505,FLUX_MODEL_SC-IB574,FLUX_MODEL_SC-IB709,FLUX_MODEL_SC-IB827,FLUX_MODEL_SC-NB711,FLUX_MODEL_SC-NB816,FLUX_MODEL_IRAC-ch1,FLUX_MODEL_IRAC-ch2,FLUX_MODEL_IRAC-ch3,FLUX_MODEL_IRAC-ch4,FLUX_ERR_MODEL_F115W,FLUX_ERR_MODEL_F150W,FLUX_ERR_MODEL_F277W,FLUX_ERR_MODEL_F444W,FLUX_ERR_MODEL_HST-F814W,FLUX_ERR_MODEL_F770W,FLUX_ERR_MODEL_CFHT-u,FLUX_ERR_MODEL_HSC-g,FLUX_ERR_MODEL_HSC-r,FLUX_ERR_MODEL_HSC-i,FLUX_ERR_MODEL_HSC-z,FLUX_ERR_MODEL_HSC-y,FLUX_ERR_MODEL_HSC-NB0816,FLUX_ERR_MODEL_HSC-NB0921,FLUX_ERR_MODEL_HSC-NB1010,FLUX_ERR_MODEL_UVISTA-Y,FLUX_ERR_MODEL_UVISTA-J,FLUX_ERR_MODEL_UVISTA-H,FLUX_ERR_MODEL_UVISTA-Ks,FLUX_ERR_MODEL_UVISTA-NB118,FLUX_ERR_MODEL_SC-IA484,FLUX_ERR_MODEL_SC-IA527,FLUX_ERR_MODEL_SC-IA624,FLUX_ERR_MODEL_SC-IA679,FLUX_ERR_MODEL_SC-IA738,FLUX_ERR_MODEL_SC-IA767,FLUX_ERR_MODEL_SC-IB427,FLUX_ERR_MODEL_SC-IB505,FLUX_ERR_MODEL_SC-IB574,FLUX_ERR_MODEL_SC-IB709,FLUX_ERR_MODEL_SC-IB827,FLUX_ERR_MODEL_SC-NB711,FLUX_ERR_MODEL_SC-NB816,FLUX_ERR_MODEL_IRAC-ch1,FLUX_ERR_MODEL_IRAC-ch2,FLUX_ERR_MODEL_IRAC-ch3,FLUX_ERR_MODEL_IRAC-ch4,FLAG_STAR_JWST,TILE,source_id,FLAG_STAR_HSC
758078,150.10693751184303,2.377954163237681,B7,12.306138038635254,cold,True,16.419325824929317,178153.109375,0.08803342570801578,0.008184494881077588,26.53844661678557,0.06809789006207792,0.007735500230082881,26.817231482316433,[0.035448   0.0478566  0.07483964 0.08945686 0.11916672],[0.00475388 0.00501293 0.00689099 0.00916617 0.01182578],[27.52608634 27.20021103 26.71473641 26.52103147 26.20967819],True,4.184528199207391,941.1145629882812,0.04185923521137808,0.025933901726002347,27.3455873990238,0.04157624013288482,0.021329186242552985,27.35295259181454,[0.02174103 0.02593578 0.03236071 0.03280876 0.0294025 ],[0.01610867 0.01822775 0.02820909 0.04158164 0.05807448],[28.05686537 27.86531754 27.62502054 27.61009103 27.72910502],True,4.803680286041176,1771.71484375,0.08155377996580844,0.02017726811752249,26.621455384493,0.05555734285080637,0.016681583838813865,27.038211956041426,[0.02600275 0.04091107 0.06540888 0.06876385 0.06917451],[0.01236301 0.01407452 0.02168312 0.0319911  0.04487935],[27.86251731 27.37046346 26.86097385 26.80666512 26.80020035],True,27.768812166020446,7669.9091796875,0.14059862715772484,0.009499762621894925,26.030112921937146,0.12221775406728282,0.006434732945748297,26.182229875654407,[0.06613037 0.08318825 0.11148997 0.11516807 0.11467453],[0.00637712 0.00769307 0.01266416 0.01967884 0.02851634],[26.84906324 26.59991059 26.28197616 26.24673536 26.25139823],True,19.471480534877017,12146.333984375,0.12332019118895074,0.01095202241134969,26.172480148878094,0.10946309814279695,0.007656830064614964,26.301896282652738,[0.05701854 0.0741448  0.10172161 0.10806875 0.12536822],[0.00778042 0.00902061 0.01395483 0.02048053 0.02844743],[27.01002531 26.7248639  26.38153259 26.31581531 26.15459693],False,,0.0,,,,,,,[nan nan nan nan nan],[nan nan nan nan nan],[nan nan nan nan nan],False,999999,,,999999,True,214725,0.012833323,0.0029646675,0.003672367,0.02812964,0.005316407,0.07633194,0.005475923,0.06438618,0.008661808,0.10190624,0.019974183,0.061844345,0.008774852,0.07936111,0.010676878,0.08423959,0.0148701845,0.19893874,0.020750506,0.06408992,0.0030988355,0.045643058,0.00939744,0.064463496,0.0076293615,0.13102366,0.0053874175,0.11798364,0.0055733905,-9.98e+31,-9.98e+31,True,65615,0.031633727,0.06641881,0.011701304,0.11451406,0.011655292,0.10956959,0.011793423,0.099915355,0.011404148,0.11623067,0.009407769,0.11996038,0.007898216,0.1686945,0.0024866837,0.17263074,0.0023265732,0.16266456,0.0051408815,0.16866712,0.0040709204,0.32621280095627414,0.0900312878440694,1.217948317527771,0.2281267169360168,0.17829423413332196,141.97792098166408,0.5184698112182199,0.40521416848482256,733.3570298639671,55.0,1.6695728531300935,2.8259818332328486,1.1265914539221333,1.2170862223242587,1.3089847957946632,0.5009549102519573,150.106936486243,2.377955914240021,150.10693242166383,2.3779562119775974,2632.651774786471,19582.22205701028,113.0,3.355560486050114e-05,2.6947196699295766e-06,0.7460646779145567,0.0933390313049645,0.5176768186119401,0.183561068736945,-9.256717227179024,12.062474440004193,0.12401943219442835,0.06122824357626045,-0.0759616206858158,0.061238965673131064,1.5471382141113281,2,2,[29.677086 28.213665 27.636997 26.992598 26.672422],[31.06475  28.174576 27.335379 27.182186 26.731   ],[28.967966 27.169407 26.375395 26.143356 26.217737],[29.522484 27.46462  26.662397 26.285736 26.208874],[30.102764 28.002659 27.119593 27.032108 27.186626],[30.460016 28.869184 27.316154 26.775295 26.507292],[-998.         31.639233   33.260525 -999.       -999.      ],[-998.         31.859608   30.823654   29.896278   30.773611],[-998.         30.81413    29.345324   28.31848    28.12315 ],[-998.         29.588196   28.42083    27.254868   26.950037],[-998.         29.385248   28.192654   27.48718    27.219   ],[-998.         29.327059   28.098835   27.316723   26.914145],[-998.         29.36771    30.22619    28.590527   27.544975],[-998.         29.540264   27.94483    27.061188   27.118347],[-998.         29.169102   26.893229   26.01889    25.586855],[-998.         29.605577   28.53945    27.44559    26.982006],[-998.         29.693485   28.502476   27.151957   26.504839],[-998.         29.22261    28.118462   27.094961   27.11324 ],[-998.         28.602625   27.463303   26.451635   26.121067],[-998.         28.696308   27.942324   27.49488    28.116049],[-998. -999. -999. -999. -999.],[-998. -999. -999. -999. -999.],[-998.         31.144781   30.274048   29.47554  -999.      ],[-998. -999. -999. -999. -999.],[-998.         30.1645     29.034548   28.089735   28.036442],[-998. -999. -999. -999. -999.],[-998. -999. -999. -999. -999.],[-998.         31.97544    31.750301   33.267353   28.701725],[-998. -999. -999. -999. -999.],[-998.         30.361238   29.359232   27.83712    27.476683],[-998.         30.400492   29.122505   27.789303   26.424215],[-998.         30.244072   29.196928   28.004725   27.635664],[-998.       -999.       -999.         29.442957   28.491833],[-998.         31.291813   30.170303   28.8332     28.17326 ],[-998.         31.534767   30.311214   29.014236   28.211111],[-998. -999. -999. -999. -999.],[-998.         28.811758   28.02854    26.13988    25.417751],[0.31957048 0.22572437 0.26471323 0.2979854  0.33013678],[0.7381842  0.17556356 0.16475904 0.2810701  0.28072217],[0.10367375 0.05487723 0.0537495  0.08764782 0.13879685],[0.18303782 0.08154313 0.08018158 0.11080728 0.15255587],[0.15897997 0.06369506 0.05628156 0.10325816 0.17263278],[0.69300777 0.47532958 0.25396678 0.31073835 0.3641832 ],"[-9.9800000e+02  6.8306196e-01  2.2174554e+00 -1.2133055e+00
 -7.7536774e-01]","[-9.9800000e+02  6.4606202e-01  4.8190251e-01  4.3527913e-01
  1.0598749e+00]","[-9.9800000e+02  4.2159784e-01  2.1495882e-01  1.7614618e-01
  2.1594608e-01]","[-9.9800000e+02  1.7187250e-01  1.0784733e-01  7.7311479e-02
  8.6870536e-02]","[-9.9800000e+02  2.2725195e-01  1.4082097e-01  1.5111896e-01
  1.7457303e-01]","[-9.9800000e+02  3.8522702e-01  2.3802465e-01  2.3968957e-01
  2.4665636e-01]","[-9.9800000e+02  4.2005956e-01  1.1419034e+00  6.6927695e-01
  4.3071702e-01]","[-9.9800000e+02  4.8600045e-01  2.2642402e-01  2.0912097e-01
  3.1329051e-01]","[-9.9800000e+02  1.2707542e+00  4.3124741e-01  4.0403187e-01
  4.0549546e-01]","[-9.9800000e+02  2.8002727e-01  1.8854579e-01  1.4072651e-01
  1.4384943e-01]","[-9.9800000e+02  3.4465805e-01  2.1104226e-01  1.2655030e-01
  1.1023107e-01]","[-9.9800000e+02  3.0437511e-01  1.9920693e-01  1.5817013e-01
  2.4247435e-01]","[-9.9800000e+02  2.5220531e-01  1.5880945e-01  1.2690088e-01
  1.4555781e-01]","[-9.9800000e+02  3.2888469e-01  2.8821176e-01  3.6728239e-01
  8.1553125e-01]","[-9.9800000e+02 -9.9900000e+02 -1.3556037e+00 -7.3879009e-01
 -2.8118987e+00]",[-998.        -999.        -999.        -999.          -1.4433235],"[-9.9800000e+02  6.0114235e-01  4.8985776e-01  4.7315085e-01
 -9.9900000e+02]","[-9.9800000e+02 -9.9900000e+02 -2.6363039e+00 -5.9063154e-01
 -3.4093955e+00]","[-9.9800000e+02  3.8204223e-01  2.4766621e-01  2.1104364e-01
  3.0175704e-01]",[-998.        -999.        -999.        -999.          -1.5688084],"[-9.9800000e+02 -9.9900000e+02 -9.9900000e+02 -7.8798389e-01
 -4.0046704e-01]","[-9.9800000e+02  1.4684153e+00  1.7492092e+00  3.8097241e+00
  6.1291641e-01]",[-998.       -999.       -999.         -1.503736 -999.      ],"[-9.9800000e+02  8.8370055e-01  6.7401916e-01  3.8406992e-01
  4.2326248e-01]","[-9.9800000e+02  1.1597241e+00  7.5961781e-01  5.0688821e-01
  2.5609207e-01]","[-9.9800000e+02  4.4026744e-01  3.0793551e-01  2.1606892e-01
  2.4046016e-01]",[-998.        -999.          -1.9824654    1.7576218    1.404114 ],"[-9.9800000e+02  5.8068436e-01  3.8966858e-01  2.3844668e-01
  2.0240353e-01]","[-9.9800000e+02  6.1278319e-01  3.8193610e-01  2.4649887e-01
  1.8886648e-01]","[-9.9800000e+02 -1.1875962e+00 -5.6440300e-01 -3.7878311e-01
 -6.3045681e-01]","[-9.9800000e+02  1.2223463e+00  1.1096110e+00  5.2915525e-01
  4.5617992e-01]",27.248722852867274,27.077273017914553,25.982369924650968,26.17986756448955,26.895886914823798,26.676871393314745,-999.0,29.563703428728626,27.63111698076705,26.674094246883257,26.806727369647493,26.39645961570753,28.042828975779262,26.54202342507467,25.169145570098443,26.355506884960796,26.09442293589709,26.390869206154022,25.706672859413384,27.381537757982347,-999.0,-999.0,30.021025524253005,-999.0,27.352855761666945,-999.0,-999.0,29.490834851812192,-999.0,27.311032500867487,26.80362473385508,27.321886978462103,-999.0,27.00740101959201,26.90081804522849,25.313856715245066,-999.0,0.22216537103988201,0.159577182243609,0.0690683138256746,0.08572668222561583,0.0906648158425136,0.40554579879145347,-3.390322255405997,0.8578057907537298,0.27760813241135796,0.1285569752548414,0.21799677920152577,0.3276784683219074,1.0070570879075345,0.3424516484261752,0.5721840977367837,0.1939723784175271,0.17035857278550942,0.26690059081130557,0.19778485373076687,0.9004265275707602,-2.1204013895344644,-4.160798118997935,1.5560323270002205,-999.0,0.3564523758250575,-999.0,-0.9601829171814733,1.6589351597584665,-999.0,0.7172603968203146,0.6878159326584175,0.37480331173391945,-999.0,0.22845499554410809,0.24325171621389796,1.181236435962305,-999.0,[4.8883896e-32 1.8816277e-31 3.2003781e-31 5.7937686e-31 7.7809253e-31],[1.3617576e-32 1.9506053e-31 4.2252086e-31 4.8654788e-31 7.3722374e-31],[9.3932008e-32 4.9230841e-31 1.0229217e-30 1.2666541e-30 1.1827831e-30],[5.6364672e-32 3.7510443e-31 7.8531082e-31 1.1109791e-30 1.1924800e-30],[3.3028899e-32 2.2852652e-31 5.1542216e-31 5.5867179e-31 4.8456205e-31],[2.376808e-32 1.028790e-31 4.300697e-31 7.077543e-31 9.059072e-31],"[-9.9800000e+02  8.0224441e-33  1.8021458e-33 -3.5935829e-32
 -7.4352739e-32]","[-9.9800000e+02  6.5487260e-33  1.7003480e-32  3.9947412e-32
  1.7805560e-32]","[-9.9800000e+02  1.7153285e-32  6.6354552e-32  1.7084730e-31
  2.0452184e-31]","[-9.9800000e+02  5.3054386e-32  1.5547781e-31  4.5504364e-31
  6.0253889e-31]","[-9.9800000e+02  6.3958889e-32  1.9183966e-31  3.6739034e-31
  4.7032676e-31]","[-9.9800000e+02  6.7480158e-32  2.0915388e-31  4.2984387e-31
  6.2279031e-31]","[-9.9800000e+02  6.5000359e-32  2.9479750e-32  1.3298095e-31
  3.4834496e-31]","[-9.9800000e+02  5.5449103e-32  2.4102846e-31  5.4390716e-31
  5.1601334e-31]","[-9.9800000e+02  7.8047512e-32  6.3490486e-31  1.4205075e-30
  2.1147433e-30]","[-9.9800000e+02  5.2211839e-32  1.3938629e-31  3.8173711e-31
  5.8505605e-31]","[-9.9800000e+02  4.8151040e-32  1.4421480e-31  5.0028494e-31
  9.0795438e-31]","[-9.9800000e+02  7.4294364e-32  2.0540713e-31  5.2724824e-31
  5.1844694e-31]","[-9.9800000e+02  1.3150727e-31  3.7555970e-31  9.5355575e-31
  1.2929240e-30]","[-9.9800000e+02  1.2063593e-31  2.4158537e-31  3.6479391e-31
  2.0586402e-31]","[-9.9800000e+02 -5.9087127e-33 -2.8894865e-32 -8.3416711e-32
 -6.9817065e-32]","[-9.9800000e+02 -4.5952477e-33 -8.6594070e-33 -2.5604351e-32
 -7.0899060e-32]","[-9.9800000e+02  1.2649905e-32  2.8208544e-32  5.8855033e-32
 -6.3823165e-33]","[-9.9800000e+02 -5.0613008e-32 -1.2575167e-31 -5.4278282e-31
 -3.6697224e-31]","[-9.9800000e+02  3.1203298e-32  8.8344754e-32  2.1091432e-31
  2.2152532e-31]","[-9.9800000e+02 -1.5628169e-32 -3.5300204e-32 -5.4680071e-32
 -3.0303092e-31]","[-9.9800000e+02 -1.4312943e-32 -5.2692757e-32 -2.2891391e-31
 -6.0024884e-31]","[-9.9800000e+02  5.8860525e-33  7.2423412e-33  1.7908469e-33
  1.2003548e-31]","[-9.9800000e+02 -2.9598298e-32 -9.2908605e-32 -2.5571587e-31
 -2.0179968e-31]","[-9.9800000e+02  2.6031840e-32  6.5509877e-32  2.6616540e-31
  3.7095983e-31]","[-9.9800000e+02  2.5107475e-32  8.1470046e-32  2.7814999e-31
  9.7794312e-31]","[-9.9800000e+02  2.8998179e-32  7.6072705e-32  2.2809184e-31
  3.2043080e-31]","[-9.9800000e+02 -5.1746343e-32 -1.4637182e-31  6.0648115e-32
  1.4563549e-31]","[-9.9800000e+02  1.1047784e-32  3.1036904e-32  1.0634568e-31
  1.9529717e-31]","[-9.9800000e+02  8.8326917e-33  2.7259250e-32  9.0013045e-32
  1.8860592e-31]","[-9.9800000e+02 -2.8436104e-31 -8.1271291e-31 -2.3576631e-30
 -2.6264522e-30]","[-9.9800000e+02  1.0846684e-31  2.2314358e-31  1.2707145e-30
  2.4711530e-30]",[1.6729724e-32 4.3482500e-32 8.8362992e-32 1.8297469e-31 2.7650310e-31],[1.3258972e-32 3.4234598e-32 6.9237552e-32 1.4376129e-31 2.1752297e-31],[9.4114765e-33 2.5522689e-32 5.1914245e-32 1.0649335e-31 1.6129295e-31],[1.0350115e-32 2.9256750e-32 6.0190389e-32 1.1937133e-31 1.7989710e-31],[5.2082996e-33 1.3807636e-32 2.7422679e-32 5.5740631e-32 8.3508811e-32],[2.1230333e-32 5.6510087e-32 1.1333771e-31 2.3452114e-31 3.6103555e-31],"[-9.9800000e+02  7.0273815e-33  1.2090089e-32  2.4181294e-32
  3.7948675e-32]","[-9.9800000e+02  5.3248520e-33  9.4997510e-33  1.9701196e-32
  2.9455734e-32]","[-9.9800000e+02  8.1389054e-33  1.4527889e-32  3.0092785e-32
  4.5005482e-32]","[-9.9800000e+02  9.0997846e-33  1.6236843e-32  3.3583542e-32
  5.0190723e-32]","[-9.9800000e+02  1.4891107e-32  2.6567451e-32  5.4865164e-32
  8.2041759e-32]","[-9.9800000e+02  2.8740187e-32  5.1266976e-32  1.0618303e-31
  1.5884536e-31]","[-9.9800000e+02  3.0705729e-32  5.4909122e-32  1.1333936e-31
  1.6961518e-31]","[-9.9800000e+02  3.1305933e-32  5.5890501e-32  1.1552961e-31
  1.7260273e-31]","[-9.9800000e+02  1.7352360e-31  3.0960744e-31  6.4038943e-31
  9.5750165e-31]","[-9.9800000e+02  1.5362199e-32  2.6434276e-32  5.2828138e-32
  8.2883613e-32]","[-9.9800000e+02  1.7989677e-32  3.0941894e-32  6.1846102e-32
  9.7023417e-32]","[-9.9800000e+02  2.4040139e-32  4.1366237e-32  8.2686271e-32
  1.2973073e-31]","[-9.9800000e+02  3.4387192e-32  5.9153456e-32  1.1822619e-31
  1.8549012e-31]","[-9.9800000e+02  4.2680754e-32  7.3447109e-32  1.4684145e-31
  2.3044372e-31]","[-9.98000000e+02  1.19812034e-32  2.06043941e-32  4.11754306e-32
  6.45786210e-32]","[-9.9800000e+02  9.6678790e-33  1.6627813e-32  3.3204897e-32
  5.2135678e-32]","[-9.9800000e+02  9.3562510e-33  1.6083299e-32  3.2145501e-32
  5.0447710e-32]","[-9.9800000e+02  6.6647650e-32  1.1466012e-31  2.2773717e-31
  3.5109134e-31]","[-9.9800000e+02  1.3159342e-32  2.2635895e-32  4.5252883e-32
  7.0974885e-32]","[-9.9800000e+02  4.2880253e-32  7.3750380e-32  1.4753248e-31
  2.3158727e-31]","[-9.9800000e+02  3.4208452e-32  5.8874764e-32  1.1812951e-31
  1.8515670e-31]","[-9.9800000e+02  1.6874888e-32  2.9028918e-32  5.8043160e-32
  9.1058653e-32]","[-9.9800000e+02  5.5388277e-32  9.5299431e-32  1.9170358e-31
  3.0162783e-31]","[-9.9800000e+02  3.2715077e-32  5.6365072e-32  1.1295711e-31
  1.7685258e-31]","[-9.9800000e+02  4.7954712e-32  8.2530424e-32  1.6549370e-31
  2.6014177e-31]","[-9.9800000e+02  1.4500662e-32  2.4946291e-32  5.0223619e-32
  7.9438750e-32]","[-9.9800000e+02  7.1374924e-32  1.2279576e-31  2.4545378e-31
  3.8514235e-31]","[-9.9800000e+02  7.8125301e-33  1.3400209e-32  2.6118524e-32
  4.0022039e-32]","[-9.9800000e+02  6.6985560e-33  1.1492234e-32  2.2941840e-32
  3.5834934e-32]","[-9.9800000e+02  1.8911836e-31  3.2945832e-31  6.9437114e-31
  1.1568940e-30]","[-9.9800000e+02  2.2590944e-31  3.9690948e-31  7.9804547e-31
  1.2904379e-30]",4.576261769688557e-31,5.359086819217435e-31,1.4691022711710307e-30,1.2247655841363148e-30,6.333521279955157e-31,7.74910316345708e-31,-7.664440509196291e-32,5.426485270471e-32,3.2177567327894077e-31,7.768949550190752e-31,6.875575448768071e-31,1.0032661366768916e-30,2.20225908209568e-31,8.773858578972514e-31,3.107003710890811e-30,1.041830928420584e-30,1.325045604088235e-30,1.0084452333885553e-30,1.8937858019049175e-30,4.049346091111223e-31,-1.6896745348918283e-31,-1.1824020580225429e-31,3.5611460905078176e-32,-7.683630855794812e-31,4.157743519697697e-31,-4.5410315271747135e-31,-7.1083572923226515e-31,5.803180237618474e-32,-3.6307986260094456e-31,4.321027195388064e-31,6.895251421198333e-31,4.278043621794671e-31,-1.7404100039213356e-31,5.715307375107325e-31,6.304821302937101e-31,2.7193011972730697e-30,-1.0314197108806238e-30,1.039090513995531e-31,8.484837544092284e-32,9.649247653068942e-32,1.0062428633428888e-31,5.515931154560589e-32,3.5091176431279443e-31,7.326880060536513e-32,6.531030017768125e-32,9.374865935531293e-32,9.76559455740988e-32,1.5288448655329168e-31,3.534454719902321e-31,3.365638586458413e-31,3.2535285329378926e-31,2.1557786578326653e-30,2.037908630850467e-31,2.251062880991337e-31,2.8102866000027865e-31,3.7840500153799185e-31,5.230814845787801e-31,1.4499886257829768e-31,1.1567899143496346e-31,1.1366891537530329e-31,7.943850965649255e-31,1.6157495077890453e-31,5.246315491561391e-31,4.172762679423068e-31,2.094166709622202e-31,6.896412703494948e-31,4.044458451029217e-31,6.096762567874853e-31,1.7637590000321656e-31,8.727629066127932e-31,1.3384674279245717e-31,1.5832979632248002e-31,5.3521548891787224e-30,4.621136233656072e-30,0.0,B7,256611,0
799629,150.10887691520918,2.330534549291551,B8,81.03441619873047,cold,True,24.938122470597474,166545.1171875,0.4481027288862909,0.0186320120997369,24.771621650489752,0.42402753587984116,0.01761457366453924,24.83158047200105,[0.05750845 0.07667068 0.13296872 0.21747842 0.30785778],[0.00508221 0.00537667 0.00740452 0.009984   0.01300561],[27.00073648 26.68849237 26.09069187 25.55652522 25.17919028],True,13.93210445282274,1139.0531005859375,0.42465397960440443,0.06266705123289472,24.829977626308953,0.4245468094794745,0.057811281224988846,24.8302516686481,[0.07484539 0.09289887 0.15230865 0.24367491 0.30603178],[0.01404379 0.01599809 0.02472639 0.03661    0.05132834],[26.71465302 26.4800396  25.94325422 25.43303859 25.18564929],True,28.612173938522535,2071.4071044921875,0.6624974756793081,0.04954065501294734,24.34710505274365,0.6499598654971276,0.045715921964368064,24.36784927194921,[0.12468151 0.16365736 0.26245909 0.38032593 0.47902404],[0.01130605 0.01274638 0.01947486 0.02876726 0.04040597],[26.16056051 25.86522679 25.35241159 24.94967578 24.69917236],True,171.83241715509772,22253.751953125,1.2007518412966955,0.019774877828096803,23.70143246907785,1.1610902787639372,0.018064599721970706,23.737900649928235,[0.22979979 0.30737806 0.49309787 0.68377525 0.86302323],[0.00409439 0.0047853  0.00765949 0.01175384 0.01694411],[25.49669156 25.18088346 24.6677328  24.31278218 24.06000941],True,135.38869755947184,28512.9267578125,1.272792947349003,0.021597401149059236,23.638171221823363,1.2396196225481597,0.019888754983697486,23.66684451657617,[0.26233895 0.34274671 0.5370145  0.7491771  0.92956931],[0.00529111 0.00603948 0.00921621 0.01346497 0.0186679 ],[25.3529087  25.06263237 24.57510059 24.21360438 23.97936118],True,36.70926286017086,25083.439453125,0.9387784411084943,0.07429234434564876,23.968657853431772,0.7977140175284727,0.0672903284550982,24.145447563296884,[0.28552169 0.31416513 0.39198773 0.5845879  0.69911407],[0.0387496  0.03373856 0.03826005 0.05431605 0.06865344],[25.26096787 25.15717066 24.91688444 24.48294106 24.28869552],True,89723,0.06093104,3.23463,4,True,256540,0.041800227,0.13534622,0.005109531,0.3830029,0.007743324,0.44467425,0.008191163,0.4477174,0.012843242,0.45794702,0.028038107,0.49280745,0.013696717,0.5480418,0.015124545,0.92353255,0.021956362,1.1194282,0.030688448,0.18603946,0.005066804,0.15611473,0.013079612,0.35766473,0.012344537,0.97779995,0.011204156,1.0670828,0.012609193,3.2748528,0.064129,True,55370,0.022271812,0.36193645,0.021121694,0.4969786,0.020755883,0.34343323,0.015553608,0.414733,0.015369915,0.72793645,0.012821881,1.1900947,0.0107845655,1.3103372,0.004304164,1.2400522,0.0038905917,1.3579392,0.006740092,1.356873,0.0053573204,0.28854428753617245,0.06963616885258996,-0.7925290465354919,0.6351462698853493,0.5314704772724437,1178.311889854657,1.4435142497394298,1.2078874483464628,6086.321745117029,1066.0,1.3489521427491953,1.376663892721987,1.0267608902968188,1.0339056255942598,1.06514801016655,0.965446115510663,150.10887843575915,2.330535327200245,150.10888469584978,2.3305411090757984,17766.677451639312,14315.555161749995,1356.0,9.488214196715909e-05,2.931188683585431e-06,0.958878922899088,0.018462607215758504,2.414558800621306,0.07966573082209855,39.81195604100776,13.130087834020289,-0.013388205011401255,0.009619267695836849,-0.01616956134405778,0.009625309639581291,4.9313130378723145,2,2,[28.382322 26.957634 26.146412 25.227425 25.250607],[28.011435 26.398182 25.592213 24.774319 24.460165],[27.618961 25.839586 24.923618 24.168528 23.876629],[27.734617 25.838737 24.87974  24.087238 23.82703 ],[29.069412 27.394318 26.507063 25.483353 25.201939],[28.561565 26.448132 25.20327  24.27041  23.937845],[34.923622 34.638145 31.965235 31.502123 30.471392],[-998.         29.956764   28.785206   27.327415   26.753866],[-998.         28.731766   27.516813   26.176607   25.635181],[-998.         28.399548   27.283638   25.91806    25.370483],[-998.         28.226433   27.177158   25.860178   25.31031 ],[-998.         28.50247    27.413431   25.930164   25.355068],[-998.         28.61711    27.52031    26.051569   25.565361],[-998.         28.387102   27.225777   25.927916   25.4553  ],[-998.       -999.         28.799074 -999.         27.091173],[32.67326  28.885237 27.483192 26.078543 25.455656],[32.318645 28.542082 27.158741 25.822859 25.191074],[31.82685  28.067015 26.641592 25.251442 24.687672],[31.29831  27.549154 26.17287  24.943577 24.412111],[34.866814 30.23711  28.217037 26.058123 25.412523],[33.65421  29.703545 28.436867 27.254608 26.735527],[33.951538 29.96031  28.609915 27.105125 26.48411 ],[33.077896 29.22903  27.856344 26.436554 25.824488],[32.328712 28.21931  27.012924 26.049862 25.816317],[32.73534  28.959919 27.586992 26.257746 25.664686],[36.185547 31.097666 28.617113 26.186918 25.417501],[33.122658 29.681337 28.232897 27.76682  28.443333],[-999.       -999.       -999.         31.099354   28.889698],[31.3629   27.683598 26.409224 25.846899 27.228025],[33.307426 29.40886  28.086159 26.743458 26.018972],[33.198742 29.674847 28.020065 26.253574 25.613417],[33.246124 29.353163 28.028557 26.743288 26.266678],[-999.         32.7466   -999.         26.729113   25.551819],[32.674316 28.826963 27.40323  25.854607 25.05947 ],[32.740475 28.911842 27.47736  25.930374 25.134357],[-999. -999. -999. -999. -999.],[31.497244 28.061497 26.477333 25.271423 24.836046],[0.09464973 0.06896371 0.06621294 0.05898855 0.09029974],[0.06051783 0.03501521 0.03271387 0.0313832  0.03572794],[0.01759757 0.00942111 0.00820827 0.00854233 0.00996976],[0.02390577 0.01151557 0.00965435 0.00977647 0.01164196],[0.06696877 0.03896969 0.03459155 0.0282395  0.03304386],[0.05830357 0.02261446 0.01486223 0.0133883  0.0151483 ],[1.4214326 2.7922525 1.1987793 1.444113  1.0487187],"[-9.9800000e+02  1.4010873e-01  8.5411936e-02  4.8361637e-02
  4.2088624e-02]","[-9.9800000e+02  7.3346280e-02  4.2481255e-02  2.6535086e-02
  2.3681015e-02]","[-9.9800000e+02  6.0353171e-02  3.8117517e-02  2.3279374e-02
  2.0708442e-02]","[-9.9800000e+02  8.2628936e-02  5.5604953e-02  3.5590541e-02
  3.1628869e-02]","[-9.9800000e+02  1.9045514e-01  1.2582701e-01  7.0347518e-02
  6.1245579e-02]","[-9.9800000e+02  2.2633061e-01  1.4940625e-01  8.5267529e-02
  8.0501914e-02]","[-9.9800000e+02  1.8616839e-01  1.1593881e-01  7.6385260e-02
  7.2895065e-02]",[-998.        -999.           1.3937757 -999.           1.080651 ],[0.6200767  0.13920623 0.07704072 0.04524059 0.03862763],[0.5375257  0.1181794  0.0662099  0.04127279 0.03492673],[0.4765329  0.10393453 0.05591787 0.03314241 0.02982854],[0.4211197  0.09077485 0.0509038  0.0348672  0.03231895],[3.1369922  0.94594777 0.38282967 0.12510198 0.10523738],[0.9865849  0.22191626 0.14045826 0.10337431 0.09840317],[1.0353751  0.22884154 0.13489956 0.07313176 0.06261726],[0.6366497  0.13645269 0.07744624 0.04483281 0.03862751],[1.3621953  0.31030938 0.20948377 0.18418944 0.21848278],[0.6678214  0.15581982 0.08865479 0.05585664 0.04899588],[4.4920306  1.5851047  0.5486142  0.14964783 0.11317837],[1.5324606  0.6126553  0.35706347 0.45409155 0.9716108 ],"[-9.9900000e+02 -9.9900000e+02 -9.9900000e+02  2.0407996e+00
  8.0272496e-01]",[0.7392082  0.19025333 0.11895652 0.14756644 0.62897646],[1.6158324  0.47640356 0.3001782  0.19354817 0.15292355],[1.7312036  0.6907972  0.34862882 0.15828066 0.13407052],[1.0316838  0.23678526 0.1439789  0.09437058 0.09177345],"[-9.9900000e+02  3.5325739e+00 -9.9900000e+02  3.6719418e-01
  2.0214581e-01]",[0.37519363 0.07280417 0.03885131 0.01964735 0.0141367 ],[0.35042152 0.06858382 0.0362865  0.01853038 0.0134379 ],"[-9.9900000e+02 -1.7096775e+00 -5.4003572e-01 -2.9362607e-01
 -2.6440030e-01]",[1.5818335  0.65168864 0.34964323 0.26942387 0.28235388],24.86484719886024,24.306446703016746,23.568664174278105,23.467530449013182,25.092060159536622,23.416716912128926,-999.0,26.17822439351097,25.051496107632428,24.85746728954459,24.849749049542822,24.879257543297488,25.068164801152626,24.97618407728195,-999.0,24.942022344685252,24.67083624647541,24.16343522641005,23.840378388533107,25.072852068783526,25.968581160962707,25.91689251112393,25.289341034271,25.124527738961483,25.090930311480562,25.025705473289,27.67433842978536,-999.0,25.21249944388949,25.563567463482084,25.308726363465762,25.89387966457798,25.534231535769386,24.311399921385004,24.105638034431397,-999.0,24.061804297296913,0.062196263818332764,0.03578787037959156,0.021347890416096648,0.02179382610172796,0.06545473692460059,0.030608270412662474,-999.0,0.11122775180927912,0.06074872373364259,0.05508055199669203,0.08426259025767936,0.1765935665261123,0.20803447392270716,0.18711719597027449,-999.0,0.11710544741020434,0.10018035058221188,0.08229349120857972,0.08351552624200202,0.3301586418017896,0.21377285954902225,0.16517665735016557,0.10617666140186055,0.4807228309425816,0.13038946979654487,0.3391847635232908,1.6034602706470586,-999.0,0.5105785989280979,0.41767628096877685,0.4216343553204868,0.27524139780164497,0.7283582343225349,0.05074156804194807,0.03963489874266288,-999.0,0.6826024930618724,[1.6109080e-31 5.9833777e-31 1.2630930e-30 2.9446269e-30 2.8824178e-30],[2.2668663e-31 1.0016765e-30 2.1043344e-30 4.4696395e-30 5.9694394e-30],"[3.25398512e-31 1.67558350e-30 3.89540584e-30 7.80888759e-30
 1.02175925e-29]",[2.9251874e-31 1.6768910e-30 4.0560626e-30 8.4159776e-30 1.0695180e-29],[8.5552926e-32 4.0019621e-31 9.0609644e-31 2.3262650e-30 3.0145665e-30],[1.3657602e-31 9.5663762e-31 3.0108731e-30 7.1094523e-30 9.6574486e-30],[3.8953931e-34 5.0669009e-34 5.9416372e-33 9.1022862e-33 2.3520328e-32],"[-9.9800000e+02  3.7782784e-32  1.1115198e-31  4.2563179e-31
  7.2186036e-31]","[-9.9800000e+02  1.1675997e-31  3.5749898e-31  1.2284485e-30
  2.0226825e-30]","[-9.9800000e+02  1.5855524e-31  4.4314374e-31  1.5587489e-30
  2.5811093e-30]","[-9.9800000e+02  1.8596307e-31  4.8880591e-31  1.6441009e-30
  2.7281975e-30]","[-9.9800000e+02  1.4421543e-31  3.9321238e-31  1.5414673e-30
  2.6180172e-30]","[-9.9800000e+02  1.2976451e-31  3.5634980e-31  1.3783906e-30
  2.1570280e-30]","[-9.9800000e+02  1.6038321e-31  4.6740068e-31  1.5446628e-30
  2.3871531e-30]","[-9.9800000e+02 -1.1884839e-32  1.0974141e-31 -2.1373414e-31
  5.2909165e-31]",[3.0952570e-33 1.0136898e-31 3.6874237e-31 1.3445674e-30 2.3863696e-30],[4.2908332e-33 1.3904871e-31 4.9716861e-31 1.7015969e-30 3.0448808e-30],[6.7493168e-33 2.1537447e-31 8.0050366e-31 2.8802010e-30 4.8409532e-30],[1.0981863e-32 3.4700699e-31 1.2326837e-30 3.8244492e-30 6.2395838e-30],[4.1046325e-34 2.9184754e-32 1.8757942e-31 1.3700963e-30 2.4830776e-30],[1.2540523e-33 4.7707041e-32 1.5319803e-31 4.5515198e-31 7.3415725e-31],[9.5363899e-34 3.7659645e-32 1.3062726e-31 5.2233590e-31 9.2545664e-31],[2.1322632e-33 7.3856257e-32 2.6149431e-31 9.6689300e-31 1.6990449e-30],[4.2512381e-33 1.8718688e-31 5.6863110e-31 1.3805595e-30 1.7118790e-30],[2.9232322e-33 9.4630751e-32 3.3512223e-31 1.1399914e-30 1.9684559e-30],[1.2183746e-34 1.3210933e-32 1.2976410e-31 1.2168386e-30 2.4717212e-30],[2.0461448e-33 4.8692788e-32 1.8485923e-31 2.8396920e-31 1.5228848e-31],"[-7.27749758e-35 -7.37102255e-33 -1.00551405e-32  1.31904264e-32
  1.00953406e-31]",[1.0347614e-32 3.0659197e-31 9.9153983e-31 1.6643330e-30 4.6643320e-31],[1.7259514e-33 6.2583008e-32 2.1161012e-31 7.2881383e-31 1.4204004e-30],"[1.90767121e-33 4.89848362e-32 2.24891888e-31 1.14438005e-30
 2.06363770e-30]",[1.8262106e-33 6.5877154e-32 2.2313991e-31 7.2892818e-31 1.1306507e-30],"[-1.7324794e-33  2.8930766e-33 -2.4934380e-32  7.3850738e-31
  2.1840992e-30]",[3.0922382e-33 1.0695833e-31 3.9692415e-31 1.6525617e-30 3.4372613e-30],[2.9094460e-33 9.8915275e-32 3.7072868e-31 1.5411697e-30 3.2081656e-30],"[-7.4324914e-33 -2.1999231e-31 -8.7540729e-31 -3.0405346e-30
 -5.0833202e-30]",[9.1432919e-33 2.1647180e-31 9.3125023e-31 2.8276793e-30 4.2226172e-30],[1.4673480e-32 3.9238142e-32 7.9426267e-32 1.6440859e-31 2.4997952e-31],[1.2994053e-32 3.2830840e-32 6.4369718e-32 1.3108006e-31 1.9970170e-31],[5.3170093e-33 1.4602498e-32 2.9561323e-32 6.1681163e-32 9.4254693e-32],[6.5121322e-33 1.7880180e-32 3.6227314e-32 7.6123104e-32 1.1529803e-31],[5.4430862e-33 1.4624910e-32 2.9332989e-32 6.1298833e-32 9.3157475e-32],[7.5345639e-33 2.0134501e-32 4.1498069e-32 8.8210142e-32 1.3568625e-31],[1.0529889e-33 6.1252931e-33 1.1981658e-32 2.5316510e-32 3.8271475e-32],"[-9.9800000e+02  5.2042474e-33  9.0971552e-33  1.9387375e-32
  2.8532384e-32]","[-9.9800000e+02  8.1601826e-33  1.4265009e-32  3.0392806e-32
  4.4601362e-32]","[-9.9800000e+02  9.0632304e-33  1.5833991e-32  3.3782182e-32
  4.9702440e-32]","[-9.9800000e+02  1.4705002e-32  2.5685877e-32  5.4786812e-32
  8.0644855e-32]","[-9.9800000e+02  2.7652082e-32  4.8315375e-32  1.0318204e-31
  1.5192524e-31]","[-9.9800000e+02  3.0076481e-32  5.2570840e-32  1.1261516e-31
  1.6601121e-31]","[-9.9800000e+02  2.9998948e-32  5.2672967e-32  1.1258636e-31
  1.6577329e-31]","[-9.9800000e+02  1.6385052e-31  2.8642789e-31  6.1136464e-31
  9.0240821e-31]",[2.3840721e-33 1.3866859e-32 2.7115537e-32 5.7209253e-32 8.6428945e-32],[2.7488300e-33 1.5989486e-32 3.1261599e-32 6.5929141e-32 9.9542213e-32],[3.7189060e-33 2.1636272e-32 4.2307890e-32 8.9274588e-32 1.3483999e-31],[5.2035542e-33 3.0259435e-32 5.9169531e-32 1.2481137e-31 1.8852461e-31],[6.9697889e-33 4.0563789e-32 7.9301212e-32 1.6732143e-31 2.5272816e-31],[1.8573027e-33 1.0818980e-32 2.1157807e-32 4.5465676e-32 6.9647076e-32],[1.5211264e-33 8.8360603e-33 1.7281407e-32 3.6394836e-32 5.4942618e-32],[1.7004005e-33 9.8905683e-33 1.9333914e-32 4.0761278e-32 6.1535454e-32],[1.0655875e-32 6.1927699e-32 1.2101154e-31 2.5524322e-31 3.8158820e-31],[2.4842095e-33 1.4603841e-32 2.8512341e-32 6.0182695e-32 9.0865108e-32],[7.5093679e-33 4.3671140e-32 8.5316005e-32 1.7982596e-31 2.7156332e-31],[6.3469201e-33 3.6917655e-32 7.1983060e-32 1.4745833e-31 2.2037028e-31],[3.0503722e-33 1.7742566e-32 3.4698016e-32 7.3222501e-32 1.1049816e-31],[1.0094392e-32 5.8718488e-32 1.1481074e-31 2.4229873e-31 3.6605867e-31],[5.9187676e-33 3.4471980e-32 6.7392120e-32 1.4222172e-31 2.1483471e-31],[7.4892354e-33 4.3566042e-32 8.5153528e-32 1.7960331e-31 2.7122665e-31],[2.8968594e-33 1.6053973e-32 3.1642127e-32 6.6192387e-32 9.9725191e-32],[1.2385674e-32 7.1991006e-32 1.4085021e-31 2.9718909e-31 4.4696029e-31],[1.2764433e-33 7.4180306e-33 1.4460464e-32 3.0176777e-32 4.5047136e-32],[1.1082671e-33 6.4498545e-33 1.2599523e-32 2.6529024e-32 3.9953307e-32],[3.0325062e-32 1.7443725e-31 3.4305895e-31 7.2047285e-31 1.0986961e-30],[3.0106373e-32 1.7805524e-31 3.5381066e-31 7.9641679e-31 1.2541374e-30],4.112075883532214e-30,6.877353038970526e-30,1.356857783512622e-29,1.4893193097943655e-29,3.335615138464478e-30,1.5606777367184404e-29,-4.900851393851544e-32,1.2266205677850373e-30,3.462593878825164e-30,4.140121477591404e-30,4.169657472580654e-30,4.0578592832992615e-30,3.4098406161676486e-30,3.7113026274992416e-30,-9.658643003762856e-31,3.8299319906270275e-30,4.916607070964691e-30,7.845595432116861e-30,1.0564492632702523e-29,3.3951516106277446e-30,1.4878787309043797e-30,1.560425344580832e-30,2.781400870836264e-30,3.2373444059025956e-30,3.339088081405934e-30,3.545829188270184e-30,3.092179011969044e-31,-1.0925544048748651e-31,2.985384148021486e-30,2.1605932482474435e-30,2.732180922953318e-30,1.5938525227275383e-30,2.2197669744008117e-30,6.846049444660734e-30,8.274557652477148e-30,-6.544658089089522e-30,8.615456243862418e-30,2.424374628632318e-31,2.3046771129255484e-31,2.694272689636754e-31,3.0196947082993477e-31,2.0727618661487956e-31,4.462351123873892e-31,1.5839011263990303e-31,1.323227526664219e-31,1.9926030392170103e-31,2.1545160273622617e-31,3.364901610365523e-31,7.167123039279644e-31,7.201386285556876e-31,6.980339136667694e-31,4.3110996809634116e-30,4.361897157178864e-31,4.752409415846038e-31,6.177741435553168e-31,8.446984833018238e-31,1.2065942380915664e-30,3.2378120182841524e-31,2.564020032626997e-31,2.8574372668629792e-31,1.8032068671413912e-30,4.260738875323128e-31,1.3002634969439757e-30,1.0448758575161632e-30,5.113481390241052e-31,1.7924565118841174e-30,1.0136742840951519e-30,1.2965030121273909e-30,4.59883843073984e-31,2.1218417314096574e-30,3.275423280120219e-31,3.076446119743238e-31,9.029819501827355e-30,7.540001894656937e-30,0.0,B8,311048,0
